Protoss,Terran,Zerg
김택용[Bisu],정명훈[FanTaSy],이승현[Life]
황지영[리포터],김동준[해설],하연주[배우]
이완구[정치인],김기석[SW],강한솔[간호사]
박준형[g.o.d],이영호[FlaSh],지누(김진우)[지누션]
김윤[SW],이명박[정치인],강현종[해설]
송지효(천수연)[배우],이신형[InNovation],마재윤[sAviOr]
오주영[인천대학교],유상우[인하대학교],박상현[캐스터]
주성욱[Zest],유태성[경희대학교],김석원[부천대학교]
임성춘[IntotheRain],이호진[서울대학교],강호동[방송인]
김유진[sOs],전태양[TY],김빛이라[기자]
이혜리[걸스데이],최정문[서울대학교],김은아[숭실대학교]
정인호[해설],조민웅[직업군인],이제동[JD]
남휘종[강사],조병세[sKyHigh],김성아[고려대학교]
김명민[배우],유대현[해설],홍진호[YellOw]
슈(유수영)[SES],한승엽[Yooi],이정현[가수]
조현아[KSK],김철민[캐스터],서경종[Shark]
유병언[KSK],안현진[한라대학교],김민준[소방공무원]
박소진[걸스데이],채민준[캐스터],박인경[SW]
김태성[경기대학교],고인규[Canata],방민아[걸스데이]
김웅용[공학자],정형돈[코미디언],A.지아(윤영아)[리브하이]
김준호[herO],이윤열[NaDa],이봉주[SW]
강민[Nal_rA],박형식[제-아],김종민[코요테]
허솔지[EXID],이영표[축구선수],조경아[아나운서]
김종국[터보],박지성[축구선수],이경아[SW]
유재석[방송인],백지원[건국대학교],이연희[배우]
손영지[관동대학교],임요환[Slayer_S BoxeR],김범진[강남대학교]
소찬휘(김경희)[가수],조성주[Maru],하니(안희연)[EXID]
노현민[숭실대학교],최연성[iloveoov],진세연(김윤정)[배우]
김나나[기자],박근혜[정치인],류현진[야구선수]
문희상[정치인],산들(이정환)[B1A4],김준호[코미디언]
송병구[Stork],첸(김종대)[EXO],노예란[가톨릭대학교]
이승원[해설],윤보미[에이핑크],김지민[코미디언]
김유진[SES],정초희[경기대학교],김선아[SW]
정준영[가수],조중혁[Dream],김진경[경기대학교]
김건모[가수],신재평[페퍼톤스],손대영[해설]
장동민[코미디언],이수민[배우],권리세[레이디스코드]
박보영[남서울대학교],,김준현[코미디언]
박진호[동국대학교],,리지(박수영)[애프터스쿨]
박찬우[숭실대학교],,바로(차선우)[B1A4]
공서영[아나운서],,유리(차현옥)[쿨]
노무현[정치인],,이나경[서경대학교]
션(노승환)[지누션],,최희[아나운서]
김경운[SW],,이서진[배우]
조성모[가수],,배수지[MissA]
조세호[코미디언],,정은지[에이핑크]
조타(이종화)[몬스타엑스],,손연재[리듬체조]
김영만[종이공예],,데미스 허사비스[개발자]
김지원[아나운서],,써니(이순규)[소녀시대]
오해찬[KAIST],,어윤수[soO]
아이유(이지은)[가수],,레이디제인(전지혜)[방송인]
하동훈[가수],,이현경[아나운서]
김동건[서울대학교],,이병렬[Rogue]
제임스 폴 메카트니 경[비틀즈],,한지원[ByuL]
김대엽[Stats],,윤소희[배우]
김제동[방송인],,박태민[GoRush]
엄정화[가수],,박수호[DRG]
서유리[성우],,하연수(유연수)[배우]
김현정[가수],,조이(박수영)[레드벨벳]
루나(박선영)[f(x)],,박명수[방송인]
이재은[경기대학교],,정준하[방송인]
임시완[제-아],,지주연[배우]
권강남(나메카와 야스오)[방송인],,김설현[AOA]
거미(박지연)[가수],,
민도희[배우],,
조수빈[달샤벳],,
이유리[배우],,
고은비[레이디스코드],,
이재훈[쿨],,
김성수[쿨],,
바다(최성희)[SES],,
김정남[터보],,
김승도[SW],,
이국주[코미디언],,
박보영[배우],,
원이삭[PartinG],,
김현종[강사],,
박용욱[Kingdom],,
정윤종[Rain],,
아자 황[개발자],,
안정환[축구선수],,
황광희[제-아],,
전용준[캐스터],,
허경영[정치인],,
차태현[배우],,
박태원[아나운서],,
김경훈[일리노이주립대],,
김구라(김현동)[방송인],,
여은(정지은)[멜로디데이],,
GD(권지용)[빅뱅],,
오현민[KAIST],,
백종원[요리연구가],,
김연우(김학철)[가수],,
문재인[정치인],,
김주혁[배우],,
벤(이은영)[가수],,
허영무[JangBi],,
자이언티(김해솔)[가수],,
이연복[셰프],,
이장원[페퍼톤스],,
최현석[셰프],,
송기문[CTO],,
전현무[아나운서],,
하석진[배우],,
김동수[GARIMTO],,
김소정[가수],,
앤드류 와일스[수학자],,
데프콘(유대준)[가수],,
박경[블락비],,
유재환[음악인],,
육중완[장미여관],,
송유선[경기대학교],,
김도우[Classic],,
황치열[가수],,
송소희[국악인],,
이승원[비올리스트],,
오영종[AnyTime],,
송유근[뮬러드우주과학연구소],,
이준석[정치인],,
박정석[Reach],,
싸이(박재상)[가수],,