남성,여성
김택용[Bisu],황지영[리포터]
정명훈[FanTaSy],하연주[배우]
김동준[해설],강한솔[간호사]
이승현[Life],박인경[SW]
지누(김진우)[지누션],송지효(천수연)[배우]
김기석[SW],이혜리[걸스데이]
이완구[정치인],슈(유수영)[SES]
박준형[g.o.d],김빛이라[기자]
김윤[SW],김은아[숭실대학교]
강현종[해설],조현아[KSK]
마재윤[sAviOr],박소진[걸스데이]
오주영[인천대학교],허솔지[EXID]
이영호[FlaSh],김성아[고려대학교]
이명박[정치인],손영지[관동대학교]
주성욱[Zest],소찬휘(김경희)[가수]
박상현[캐스터],이정현[가수]
임성춘[IntotheRain],김나나[기자]
김유진[sOs],최정문[서울대학교]
김석원[부천대학교],김유진[SES]
강호동[방송인],방민아[걸스데이]
정인호[해설],A.지아(윤영아)[리브하이]
남휘종[강사],이봉주[SW]
김명민[배우],박보영[남서울대학교]
유병언[KSK],공서영[아나운서]
이신형[InNovation],조경아[아나운서]
김태성[경기대학교],이경아[SW]
김웅용[공학자],이연희[배우]
유상우[인하대학교],하니(안희연)[EXID]
김준호[herO],진세연(김윤정)[배우]
강민[Nal_rA],레이디제인(전지혜)[방송인]
유태성[경희대학교],백지원[건국대학교]
이제동[JD],아이유(이지은)[가수]
김종국[터보],노예란[가톨릭대학교]
이호진[서울대학교],김지민[코미디언]
유재석[방송인],김선아[SW]
전태양[TY],엄정화[가수]
홍진호[YellOw],서유리[성우]
노현민[숭실대학교],김현정[가수]
문희상[정치인],김진경[경기대학교]
송병구[Stork],루나(박선영)[f(x)]
조민웅[직업군인],이재은[경기대학교]
조병세[sKyHigh],권리세[레이디스코드]
서경종[Shark],민도희[배우]
이승원[해설],리지(박수영)[애프터스쿨]
김민준[소방공무원],조수빈[달샤벳]
유대현[해설],이유리[배우]
정준영[가수],고은비[레이디스코드]
한승엽[Yooi],유리(차현옥)[쿨]
김건모[가수],바다(최성희)[SES]
김철민[캐스터],이나경[서경대학교]
장동민[코미디언],이국주[코미디언]
김종민[코요테],최희[아나운서]
박진호[동국대학교],김지원[아나운서]
박찬우[숭실대학교],박보영[배우]
노무현[정치인],배수지[MissA]
션(노승환)[지누션],박근혜[정치인]
김경운[SW],정은지[에이핑크]
조성모[가수],손연재[리듬체조]
조세호[코미디언],써니(이순규)[소녀시대]
조타(이종화)[몬스타엑스],여은(정지은)[멜로디데이]
김범진[강남대학교],이현경[아나운서]
안현진[한라대학교],윤보미[에이핑크]
류현진[야구선수],정초희[경기대학교]
김승도[SW],벤(이은영)[가수]
오해찬[KAIST],윤소희[배우]
김준호[코미디언],김소정[가수]
하동훈[가수],하연수(유연수)[배우]
김동건[서울대학교],송유선[경기대학교]
채민준[캐스터],조이(박수영)[레드벨벳]
제임스 폴 메카트니 경[비틀즈],송소희[국악인]
고인규[Canata],거미(박지연)[가수]
김대엽[Stats],이수민[배우]
김제동[방송인],지주연[배우]
정형돈[코미디언],김설현[AOA]
임시완[제-아],
권강남(나메카와 야스오)[방송인],
손대영[해설],
박명수[방송인],
이윤열[NaDa],
김준현[코미디언],
박형식[제-아],
이영표[축구선수],
박지성[축구선수],
바로(차선우)[B1A4],
이재훈[쿨],
김성수[쿨],
김정남[터보],
임요환[Slayer_S BoxeR],
조성주[Maru],
원이삭[PartinG],
정준하[방송인],
이서진[배우],
박용욱[Kingdom],
최연성[iloveoov],
정윤종[Rain],
아자 황[개발자],
안정환[축구선수],
황광희[제-아],
전용준[캐스터],
데미스 허사비스[개발자],
산들(이정환)[B1A4],
허경영[정치인],
차태현[배우],
박태원[아나운서],
김경훈[일리노이주립대],
첸(김종대)[EXO],
김구라(김현동)[방송인],
어윤수[soO],
김영만[종이공예],
이병렬[Rogue],
GD(권지용)[빅뱅],
한지원[ByuL],
오현민[KAIST],
백종원[요리연구가],
김연우(김학철)[가수],
문재인[정치인],
김주혁[배우],
허영무[JangBi],
자이언티(김해솔)[가수],
이연복[셰프],
이장원[페퍼톤스],
최현석[셰프],
송기문[CTO],
전현무[아나운서],
하석진[배우],
김동수[GARIMTO],
앤드류 와일스[수학자],
데프콘(유대준)[가수],
박수호[DRG],
박태민[GoRush],
조중혁[Dream],
박경[블락비],
유재환[음악인],
신재평[페퍼톤스],
육중완[장미여관],
김도우[Classic],
황치열[가수],
이승원[비올리스트],
오영종[AnyTime],
송유근[뮬러드우주과학연구소],
김현종[강사],
이준석[정치인],
박정석[Reach],
싸이(박재상)[가수],