,number,노래 이름,Artist
0,0,선글라스 (Feat. 9999 of 1%),칸토
1,0,춘천 가는 기차,김현철
2,0,나에게로의 초대,정경화
3,0,내가 날 버린 이유,베이시스
4,0,날아라 병아리,넥스트
5,0,취중진담(醉中眞談),전람회
6,0,그 후로 오랫동안,신승훈
7,0,기억속으로,이은미
8,0,칵테일 사랑,마로니에
9,0,나는 문제없어,황규영
10,0,마법의 성,더 클래식
11,0,내가 만일,안치환
12,0,W.H.I.T.E.,화이트
13,0,이브의 경고,박미경
14,0,날개,언타이틀
15,1,선글라스 (Feat. 9999 of 1%),칸토
16,1,어느 소녀의 사랑이야기,민해경
17,1,빗물,송골매
18,1,나에게도 사랑이,함중아와 양키스
19,1,내게도 사랑이 (Cover Ver.),김용길
20,1,꿈의 대화,이범용
21,1,노래하며 춤추며,계은숙
22,1,빙글빙글,Nami (나미)
23,1,담배가게 아가씨,송창식
24,1,꿈에,조덕배
25,1,Q,조용필
26,1,내사랑 내곁에 (응답하라 1988 삽입곡),김현식
27,1,가로수 그늘아래 서면,이문세
28,1,행복한 사람,조동진
29,1,어머니와 고등어,김창완
30,1,영,이선희
31,1,내일이 찾아오면,박정운
32,1,선글라스 (Feat. 9999 of 1%),칸토
33,1,고귀한 선물,장은아
34,1,내일로 가는 우리들,함현숙
35,1,어디쯤가고있을까,전영
36,1,물안개,석미경
37,1,매일 매일 기다려,티삼스
38,1,크게 라디오를 켜고,시나위
39,1,달빛 창가에서,도시아이들
40,1,풀잎사랑,최성수
41,1,그대 내게 다시,변진섭
42,1,사랑한후에 (응답하라 1988 삽입곡),전인권
43,1,혼자만의 사랑,김태영
44,1,처음 느낌 그대로,이소라
45,1,너를 사랑해,한동준
46,1,너의 마음을 내게 준다면,최연제
47,1,행복한 나를,에코
48,2,선글라스 (Feat. 9999 of 1%),칸토
49,2,달팽이,패닉
50,2,기억의 습작,전람회
51,2,가질수 없는 너,뱅크
52,2,너를 보내고,YB (윤도현 밴드)
53,2,발걸음,에메랄드 캐슬
54,2,고백,델리스파이스
55,2,이 밤이 지나면,임재범
56,2,그대에게 (대상),무한궤도
57,2,아름다운 구속,김종서
58,2,난 그래,리아
59,2,헤이 헤이 헤이,하은
60,2,덩크 슛,이승환
61,2,날개 잃은 천사,룰라
62,2,다시 만나 줘,업타운
63,2,선글라스 (Feat. 9999 of 1%),칸토
64,2,Show,김원준
65,2,그래,디바
66,2,일과 이분의 일,투투
67,2,상상속의 너,노이즈
68,2,Aspirin (아스피린) (12 String Guitar Ver.),걸
69,2,포기하지 마,성진우
70,2,날 떠나지마,박진영
71,2,Non-Stop Summer DJ Mega Mix,터보
72,2,숨은 그림 찾기,엄정화
73,2,말하자면,김성재
74,2,책임져,언타이틀
75,2,환생,윤종신
76,2,좋아 좋아,일기예보
77,2,Candy,H.O.T.
78,2,Gasoline,지누션
79,2,1tym,원타임
80,3,내나이 마흔 살에는,양희은
81,3,하숙생,최희준
82,3,하얀 나비,김정호
83,3,학창시절,은희
84,3,당신의 모든 것을,원프러스원
85,3,모모(A),김만준
86,3,그대 없이는 못살아,패티김
87,3,나는 행복한 사람,이문세
88,3,임이 오는 소리,Toi Et Moi
89,3,사랑해,라나에로스포
90,3,그건 너,이장희
91,3,기도,홍삼트리오
92,3,사랑 그 아름답고 소중한 얘기들 (CF - 포스코 For happiness 편),배철수
93,3,길가에 앉아서,김세환
94,3,나는 행복합니다,윤항기
95,3,시골길,임성훈
96,3,밤 배,둘 다섯
97,3,편지,어니언스
98,3,맨처음 고백,송창식
99,3,선글라스 (Feat. 9999 of 1%),칸토
100,3,한동안 뜸했었지,사랑과 평화
101,3,미인,신중현과 엽전들
102,3,워싱톤 광장,이 시스터즈
103,3,오동잎,최헌
104,3,윙윙윙,박은옥
105,3,인생은 미완성,이진관
106,3,눈물 한 방울로 사랑은 시작되고,이유진
107,3,남자는 배 여자는 항구,심수봉
108,3,사랑의 미로,최진희
109,3,당신,김정수
110,3,올 가을엔 사랑할거야,방미
111,3,민들레 홀씨 되어,박미경
112,3,행복,이수만
113,3,이젠 잊기로 해요,김완선
114,3,미소를 띄우며 나를 보낸 그 모습처럼,이은하
115,3,사랑은 유리같은 것,원준희
116,3,내 마음의 보석상자,해바라기
117,4,선글라스 (Feat. 9999 of 1%),칸토
118,4,동행,최성수
119,4,그대 그리고 나,소리새
120,4,"바람, 바람, 바람",김범룡
121,4,물안개,석미경
122,4,사랑은 창밖에 빗물같아요,양수경
123,4,사랑의 썰물,임지훈
124,4,모란동백,김덕환
125,4,촛불켜는 밤,양하영
126,4,이별이란 없는거야 (응답하라 1988 삽입곡),최성원
127,4,묻어버린 아픔,김동환
128,4,슬픈 인연,Nami (나미)
129,4,이별 아닌 이별,이범학
130,4,내게 남은 사랑을 드릴께요,장혜리
131,4,세월이 가면,최호섭
132,4,아니 벌써,산울림
133,4,선글라스 (Feat. 9999 of 1%),칸토
134,4,내일을 향해,신성우
135,4,대답 없는 너,김종서
136,4,내 마음 알겠니,강수지
137,4,먼 훗날,박정운
138,4,먼지가 되어,이윤수
139,4,꿈,이현우
140,4,세상에 뿌려진 사랑만큼,이승환
141,4,동숭로에서,마로니에
142,4,산다는게 뭔지,이진관
143,4,소녀시대,이승철
144,4,보고싶은 얼굴,민해경
145,4,새벽비,혜은이
146,4,삐에로는 우릴 보고 웃지,김완선
147,4,이젠 떠나가볼까,김혜림
148,4,그대 슬픔까지 사랑해,심신
149,5,선글라스 (Feat. 9999 of 1%),칸토
150,5,네게 줄수 있는건 오직 사랑뿐,변진섭
151,5,안녕이라고 말하지마,이승철
152,5,내 아픔 아시는 당신께,조하문
153,5,환희,정수라
154,5,사랑할꺼야,이상은 (=Lee-tzsche)
155,5,널 그리며,박남정
156,5,갈무리,나훈아
157,5,감수광,혜은이
158,5,그대품에 잠들었으면,박정수
159,5,사랑일뿐야,김민우
160,5,샴푸의 요정,빛과 소금
161,5,소중한 너 (Duet With 조규찬),박선주 (Pak Sun Zoo)
162,5,웃어요,오석준
163,5,프란다스의 개,이오공감
164,5,그녀의 웃음소리뿐,이문세
165,5,선글라스 (Feat. 9999 of 1%),칸토
166,5,아름다워,윤수일밴드
167,5,오랜만에,김현철
168,5,너에게,서태지와 아이들
169,5,난 멈추지 않는다,잼
170,5,텔레파시,도시아이들
171,5,로미오 & 줄리엣,신승훈
172,5,걸어서 하늘까지,장현철
173,5,질투,유승범
174,5,너에게 원한건,노이즈
175,5,자유시대,모자이크
176,5,"서울, 이곳은",장철웅
177,5,멀어져 간 사람아,박상민
178,5,난 널 사랑해,신효범
179,5,사랑할수록,부활
180,5,난 아직도 널,작품 하나
181,6,선글라스 (Feat. 9999 of 1%),칸토
182,6,기차와 소나무,이규석
183,6,널 사랑하겠어,동물원
184,6,예정된 시간을 위해,장덕
185,6,내사랑 투유,조갑경
186,6,이별여행,원미연
187,6,사랑했지만,김광석
188,6,너에게 들려주고 싶은 이야기,015B
189,6,친구에게,김민우
190,6,갈색추억,한혜진
191,6,디디디,김혜림
192,6,바라볼 수 없는 그대,양수경
193,6,나 항상 그대를,이선희
194,6,세상 가장 밝은 곳에서 가장 빛나는 목소리로,유익종
195,6,사랑이 저만치 가네,김종찬
196,6,김성호의 회상,김성호
197,6,흩어진 나날들,강수지
198,6,선글라스 (Feat. 9999 of 1%),칸토
199,6,희나리,구창모
200,6,못다핀 꽃 한 송이,김수철
201,6,참새와 허수아비,조정희
202,6,가을을 남기고 간 사랑,패티김
203,6,우리는,송창식
204,6,사랑이여!,유심초
205,6,파초,수와 진
206,6,기타 하나 동전 한닢,이재성
207,6,하늘색 꿈,Locust
208,6,솔개,이태원
209,6,목로 주점,이연실
210,6,아버지의 의자,정수라
211,6,내일이 찾아와도,서울패밀리
212,6,이밤을 다시 한 번,조하문
213,6,그날,김연숙
214,6,마지막 그 아쉬움은 기나긴 시간 속에 묻어둔채,푸른하늘
215,7,선글라스 (Feat. 9999 of 1%),칸토
216,7,입영열차안에서,김민우
217,7,로라,변진섭
218,7,잊지 말아요,최성수
219,7,유리창엔 비,햇빛촌
220,7,추억속의 재회,조용필
221,7,슬픈 표정 하지 말아요,신해철
222,7,보고싶은 얼굴,민해경
223,7,기분 좋은 날,김완선
224,7,바람아 멈추어다오,이지연
225,7,내 아픔 아시는 당신께,조하문
226,7,안녕이라고 말하지마,이승철
227,7,안녕 내사랑,박남정
228,7,(MR 반주곡) 하얀바람 (소방차),Various Artists
229,7,영,이선희
230,7,아름다워라 그대,김종찬
231,7,모두가 사랑이예요,해바라기
232,7,선글라스 (Feat. 9999 of 1%),칸토
233,7,지난날,유재하
234,7,미소를 띄우며 나를 보낸 그 모습처럼,이은하
235,7,세월이 가면,최호섭
236,7,동행,최성수
237,7,그대 그리고 나,소리새
238,7,홀로된 사랑,여운
239,7,짚시여인,이치현과 벗님들
240,7,골목길,김현식
241,7,날 울리지마,신승훈
242,7,담다디,이상은 (=Lee-tzsche)
243,7,노노노노노,하수빈
244,7,그대와 함께 (With You),"손지창, 김민종"
245,7,사랑이라 부를 수 있을까,인공위성
246,7,칵테일 사랑,마로니에
247,7,자유시대,모자이크
248,7,그냥 걸었어,임종환
249,8,그대안의 블루,"김현철, 이소라"
250,8,어떤 그리움,이은미
251,8,멀어져 간 사람아,박상민
252,8,마지막 약속,김정민
253,8,오늘같은 밤이면,박정운
254,8,Lonely Night,부활
255,8,나와 같다면,김장훈
256,8,너를 향한 마음,이승환
257,8,슬픈 그림같은 사랑,이상우
258,8,가려진 시간 사이로,윤상
259,8,마지막 축제,서태지와 아이들
260,8,날 떠나지마,박진영
261,8,나만의 친구,솔리드
262,8,UFO,패닉
263,8,환생,윤종신
264,8,엉뚱한 상상 (White X-Mas를 기다리며),지누
265,8,네모의 꿈,화이트
266,8,만남,코요태
267,8,3!4!,룰라
268,8,단발머리,015B
269,8,바다,유피
270,8,이별 공식,R.ef
271,8,슬퍼지려 하기 전에,쿨 (COOL)
272,8,Time,태사자
273,8,Blue Rain,핑클 (Fin.K.L)
274,8,"Oh, My Love",S.E.S.
275,8,커플,젝스키스
276,8,행복,H.O.T.
277,8,Happy Hour-꺼벙이의 일기,더 클래식
278,9,빙글빙글,Nami (나미)
279,9,불티,전영록
280,9,사랑은 이제 그만,민해경
281,9,남남,최성수
282,9,사랑이 저만치 가네,김종찬
283,9,홀로 된다는 것,변진섭
284,9,개똥벌레,신형원
285,9,가까이하기엔 너무 먼 당신,이광조
286,9,사랑 사랑 누가 말했나,남궁옥분
287,9,젊음의 노트,유미리
288,9,담다디,이상은 (=Lee-tzsche)
289,9,달빛 창가에서,도시아이들
290,9,리듬 속의 그 춤을,김완선
291,9,난 사랑을 아직 몰라,이지연
292,9,사랑의 불시착,박남정
293,9,돌아와요 부산항에,조용필
294,9,선글라스 (Feat. 9999 of 1%),칸토
295,9,아파트,윤수일
296,9,정말로,현숙
297,9,나도야 간다,김수철
298,9,바람 바람 바람 (골든),김범룡
299,9,사랑의 미로,최진희
300,9,잊혀진 계절,이용
301,9,모두가 사랑이예요,해바라기
302,9,울고 싶어라,사랑과 평화
303,9,벌써 이 밤이 다 지나고,"김현, 손경호"
304,9,그녀에게 전해주오,소방차
305,9,호랑나비,김흥국
306,9,바람아 멈추어다오,이지연
307,9,그 누구보다 더,이정현
308,9,안녕이라고 말하지마,이승철
309,9,바람에 옷깃이 날리듯,이상우
310,9,손에 손잡고,Koreana
311,9,그대에게 (대상),무한궤도
312,10,선글라스 (Feat. 9999 of 1%),칸토
313,10,비 오는 날의 수채화,권인하
314,10,기억 속의 멜로디,오태호
315,10,햄,김승기
316,10,아껴둔 사랑을 위해,이주원
317,10,너를 처음만난 그때,박준하
318,10,내 마음 깊은 곳의 너,신해철
319,10,그대가 이 세상에 있는 것만으로,한동준
320,10,세월의 흔적 다 버리고,015B
321,10,그리움만 쌓이네,노영심
322,10,나는 외로움 그대는 그리움,박영미
323,10,사랑한 후에,"전인권, 허성욱"
324,10,내 곁에서 떠나가지 말아요,빛과 소금
325,10,처음 느낌 그대로,이소라
326,10,선글라스 (Feat. 9999 of 1%),칸토
327,10,아리송해,이은하
328,10,사랑하고 싶어,소방차
329,10,새들처럼,변진섭
330,10,한바탕 웃음으로,이선희
331,10,잊지 말아요,최성수
332,10,존대말을 써야할지 반말로 얘기해야할지,민해경
333,10,당신은 어디 있나요,양수경
334,10,정신차려,김수철
335,10,이별 아닌 이별,이범학
336,10,오늘같은 밤이면,박정운
337,10,사랑 느낌,윤익희
338,10,10년전의 일기를 꺼내어,봄여름가을겨울
339,10,이 밤이 지나도록,푸른하늘
340,10,그럴때마다,"윤종신, 이장우, 조규찬, 김연우, 조삼희, 김창원, 유희열"
341,10,오! 사라,이상우
342,10,나의 노래,김광석
343,11,이세상 살아가다 보면,이문세
344,11,어떤이의 꿈,봄여름가을겨울
345,11,샴푸의 요정,빛과 소금
346,11,어느 새,장필순
347,11,여름밤의 꿈,김현식
348,11,나뭇잎 사이로,조동진
349,11,백구,양희은
350,11,오솔길,라나에로스포
351,11,조약돌,박상규
352,11,터,신형원
353,11,보이네,Nami (나미)
354,11,진짜진짜 좋아해,혜은이
355,11,님 떠난 후,현이와 덕이
356,11,밤차,이은하
357,11,불티,전영록
358,11,세상만사,송골매
359,11,선글라스 (Feat. 9999 of 1%),칸토
360,11,그녀를 만나는 곳 100M 전,이상우
361,11,바람이 불어오는 곳,김광석
362,11,행복을 주는 사람,해바라기
363,11,개구장이 (1979),산울림
364,11,난 아니야,조용필
365,11,내일,김수철
366,11,모닥불,박인희
367,11,갯바위,한마음
368,11,참새의 하루,송창식
369,11,꽃밭에서,정훈희
370,11,그댄 봄비를 무척 좋아하나요,이혜민(배따라기)
371,11,사랑의 진실,어니언스
372,11,이름 모를 소녀,김정호
373,11,돌아가는 삼각지,배호
374,11,맨발의 청춘,최희준
375,11,흙에 살리라,홍세민
376,11,사랑하는 마음,김세환
377,11,바라볼 수 없는 그대,양수경
378,12,옛 사랑,이문세
379,12,여전히 아름다운지,김연우
380,12,널 사랑하겠어,동물원
381,12,우리의 밤은 당신의 낮보다 아름답다,코나
382,12,회상 (December),터보
383,12,산다는 건 다 그런게 아니겠니,여행스케치
384,12,To Heaven (천국으로 보낸 편지),조성모
385,12,그때 또 다시 (Again),임창정
386,12,이 밤의 끝을 잡고,솔리드
387,12,재즈 카페,신해철
388,12,미소 속에 비친 그대,신승훈
389,12,추억속의 그대,황치훈
390,12,이별의 그늘,윤상
391,12,행복한 나를,에코
392,12,Percussion Solo No.3,김병덕
393,12,Cygnus X-2 Eh,Rush
394,13,너만을 느끼며,더 블루
395,13,종로에서,오월
396,13,가질수 없는 너,뱅크
397,13,그 겨울의 찻집,조용필
398,13,난 아직 모르잖아요,이문세
399,13,처음 느낌 그대로,이소라
400,13,나의 거리,이선희
401,13,그대 떠나는 날 비가 오는가,산울림
402,13,하늘만 허락한 사랑,엄정화
403,13,왜 그래,김현철
404,13,여우야(女雨夜),더 클래식
405,13,사랑의 썰물,임지훈
406,13,희나리,구창모
407,13,사랑하기 때문에,유재하
408,13,너에게 원한건,노이즈
409,13,아주 오래된 연인들,015B
410,13,내가 너의 곁에 잠시 살았다는 걸,"토이, 김연우"
411,13,안녕이라고 말하지마,이승철
412,13,너를 사랑해,한동준
413,13,오래전 그날,윤종신
414,13,바라볼 수 없는 그대,양수경
415,13,희야,부활
416,13,거리에서,김광석
417,13,내게 남은 사랑을 드릴께요,장혜리
418,13,칵테일 사랑,마로니에
419,13,이 밤이 지나면,임재범
420,13,좋은 날,이승환
421,13,내사랑 내곁에 (응답하라 1988 삽입곡),김현식
422,14,선글라스 (Feat. 9999 of 1%),칸토
423,14,인디안인형처럼,Nami (나미)
424,14,기쁜우리 사랑은,최성수
425,14,혜화동,동물원
426,14,너에게로 또 다시,변진섭
427,14,난 아직 모르잖아요,이문세
428,14,무정 부르스,강승모
429,14,내 아픔 아시는 당신께,조하문
430,14,사랑으로,해바라기
431,14,제주도의 푸른밤,최성원
432,14,Q,조용필
433,14,나의 노래,김광석
434,14,동네 ('응답하라 1988' 삽입곡),김현철
435,14,마지막 콘서트,이승철
436,14,추억의 책장을 넘기면,이선희
437,14,선글라스 (Feat. 9999 of 1%),칸토
438,14,슬픈 인연,015B
439,14,인형의 꿈,일기예보
440,14,보이지 않는 사랑,신승훈
441,14,너를 사랑하고도,전유나
442,14,슬픈 언약식,김정민
443,14,나와 같다면,김장훈
444,14,사랑할수록,부활
445,14,영원히 내게,안상수
446,14,내 남은 사랑을 위해,홍경민
447,14,옛 이야기,김규민
448,14,이별 아닌 이별,이범학
449,14,먼 훗날,박정운
450,14,예정된 시간을 위해,장덕
451,14,사랑하기에,이정석
452,15,사랑이 저만치 가네,김종찬
453,15,향기로운 추억 (응답하라 1988 삽입곡),박학기
454,15,묻어버린 아픔,김동환
455,15,널 그리며,박남정
456,15,소녀시대,이승철
457,15,사랑은 창밖에 빗물같아요,양수경
458,15,슬픈 바다,조정현
459,15,화려한 날은 가고,유열
460,15,여름날의 추억,이정석
461,15,사랑할꺼야,이상은 (=Lee-tzsche)
462,15,"돌고, 돌고, 돌고",전인권
463,15,골목길 (응답하라 1988 삽입곡),신촌 블루스
464,15,어떤이의 꿈,봄여름가을겨울
465,15,기차와 소나무,이규석
466,15,새들처럼,변진섭
467,15,한번만 더,박성신
468,15,가로수 그늘아래 서면,이문세
469,15,우리 앞의 생이 끝나갈 때,무한궤도
470,15,지난날,유재하
471,15,기다린 날도 지워질 날도,이승환
472,15,꼬마야,김창완
473,15,슬픈 안녕,이지연
474,15,마음에 쓰는 편지,임백천
475,15,바람아 멈추어다오,이지연
476,15,만남,노사연
477,15,그대 모습은 장미,민해경
478,15,한바탕 웃음으로,이선희
479,15,사랑하고 싶어,소방차
480,15,나만의 것,김완선
481,15,자꾸 서성이게 돼,박학기
482,16,선글라스 (Feat. 9999 of 1%),칸토
483,16,타타타,김국환
484,16,남남,최성수
485,16,그 겨울의 찻집,조용필
486,16,당신,김정수
487,16,낭만에 대하여,최백호
488,16,서울탱고,방실이
489,16,환희,정수라
490,16,영원한 친구,Nami (나미)
491,16,황홀한 고백,윤수일
492,16,너나 좋아해 나너 좋아해,현이와 덕이
493,16,새벽 아침,수와 진
494,16,님은 먼 곳에,김추자
495,16,바람난 천사,김종환
496,16,그저 바라볼 수만 있어도,유익종
497,16,멍에,김수희
498,16,여러분,윤복희
499,16,선글라스 (Feat. 9999 of 1%),칸토
500,16,세월이 가면,최호섭
501,16,바보같은 미소,조갑경
502,16,저녁놀,전영록
503,16,그대는 인형처럼 웃고 있지만,민해경
504,16,짚시여인,이치현과 벗님들
505,16,텔레파시,도시아이들
506,16,나 항상 그대를,이선희
507,16,너무 늦었잖아요,변진섭
508,16,그 아픔까지 사랑한거야,조정현
509,16,아! 바람이여,박남정
510,16,눈물나는 날에는,푸른하늘
511,16,물안개,석미경
512,16,추억속의 그대,황치훈
513,16,슬퍼지는 내 모습,양홍섭
514,16,난 아직도 널 (대상),작품 하나
515,16,외롭지만 혼자 걸을 수 있어,봄여름가을겨울
516,17,나를 용서해,킵식스 (Keep Six)
517,17,별(別),팀
518,17,달의 몰락,김현철
519,17,혼자만의 사랑,김태영
520,17,그냥 걸었어,임종환
521,17,그대 눈물까지도,투투
522,17,너에게,서태지와 아이들
523,17,서시,신성우
524,17,낭만에 대하여,최백호
525,17,비나리,심수봉
526,17,애모,김수희
527,17,...라구요,강산에
528,17,대답 없는 너,김종서
529,17,오늘같은 밤이면,박정운
530,17,언제나 그 자리에,신효범
531,17,그 후로 오랫동안,신승훈
532,17,내사랑 내곁에 (응답하라 1988 삽입곡),김현식
533,17,하룻밤의 꿈,이상우
534,17,마지막 콘서트,이승철
535,17,너에게 원한건,노이즈
536,17,느낌만으로,박지원
537,17,마법의 성,더 클래식
538,17,나와 같다면,김장훈
539,17,달팽이,패닉
540,17,흩어진 나날들,강수지
541,17,너에게 들려주고 싶은 이야기,015B
542,17,살다보면,권진원
543,17,난 널 사랑해,신효범
544,17,내가 아는 한가지,이덕진
545,18,선글라스 (Feat. 9999 of 1%),칸토
546,18,내 낡은 서랍 속의 바다,패닉
547,18,거꾸로 강을 거슬러 오르는 저 힘찬 연어들처럼,강산에
548,18,바람의 노래,조용필
549,18,"우리 사랑 이대로 (Duet With 이혜진) (영화 ""연풍연가"" 주제곡)",주영훈
550,18,난 아직 모르잖아요,이문세
551,18,백만송이 장미,심수봉
552,18,난 행복해,이소라
553,18,기억의 습작,전람회
554,18,슬픈 언약식,김정민
555,18,준비 없는 이별,녹색지대
556,18,가려진 시간 사이로,윤상
557,18,그리움으로 지는 너,코코
558,18,바람난 천사,김종환
559,18,넌 언제나,모노
560,18,회상 (December),터보
561,18,너의 뒤에서,박진영
562,18,남겨진 시간을 위하여,장혜리
563,18,너무 아픈 사랑은 사랑이 아니었음을,김광석
564,18,슬픈 얼굴,A.R.T
565,18,타인,영턱스클럽
566,18,7년간의 사랑,화이트
567,18,내가 날 버린 이유,베이시스
568,18,영원히 내게,안상수
569,18,그 아픔까지 사랑한거야,조정현
570,18,사랑일뿐야,김민우
571,18,너에게로 또 다시,변진섭
572,18,시청 앞 지하철 역에서,동물원
573,19,1994년 어느 늦은 밤,장혜진
574,19,여전히 아름다운지,김연우
575,19,편지,김광진
576,19,행복한 나를,에코
577,19,늦은 후회,보보
578,19,인형의 꿈,일기예보
579,19,또 다른 만남을 위해,김민종
580,19,To Heaven (천국으로 보낸 편지),조성모
581,19,그 후로 오랫동안,신승훈
582,19,사랑한 후에,신성우
583,19,시작되는 연인들을 위해,이원진
584,19,시작,박기영
585,19,내게 다시,더더 (THETHE)
586,19,결혼해줘,임창정
587,19,선글라스 (Feat. 9999 of 1%),칸토
588,19,난 아직 모르잖아요,이문세
589,19,중독된 사랑,조장혁
590,19,사랑할수록,부활
591,19,비(悲)의 Rhapsody,최재훈
592,19,사랑합니다,이재훈 (쿨)
593,19,내 곁에서 떠나가지 말아요,빛과 소금
594,19,잊지 말기로 해,이소라
595,19,당신은 천사와 커피를 마셔본 적이 있습니까,김성호
596,19,너의 의미,산울림
597,19,화려하지 않은 고백,이승환
598,19,별이 진다네,여행스케치
599,19,비오는 거리,이승훈
600,19,사랑이라는 이유로,조 트리오
601,19,그땐 그랬지,카니발
602,20,선글라스 (Feat. 9999 of 1%),칸토
603,20,한바탕 웃음으로,이선희
604,20,잠도 오지 않는 밤에,이승철
605,20,오늘같은 밤이면,박정운
606,20,예정된 시간을 위해,장덕
607,20,세상이 그대를 속일지라도,김장훈
608,20,서시,신성우
609,20,난 널 사랑해,신효범
610,20,멀어져 간 사람아,박상민
611,20,꿈결같은 세상,송시현
612,20,슬픈 계절에 만나요,백영규
613,20,슬픈 표정 하지 말아요,신해철
614,20,나의 하루,박정현
615,20,루비(淚悲):슬픈 눈물,핑클 (Fin.K.L)
616,20,칵테일 사랑,마로니에
617,20,바람아 멈추어다오,이지연
618,20,선글라스 (Feat. 9999 of 1%),칸토
619,20,누구보다 널 사랑해,비쥬
620,20,커플,젝스키스
621,20,언젠가는,이상은 (=Lee-tzsche)
622,20,귀로 (은상),박선주 (Pak Sun Zoo)
623,20,나만의 슬픔,김돈규
624,20,나를 슬프게 하는 사람들,김경호
625,20,발걸음,에메랄드 캐슬
626,20,너를 사랑하고도,전유나
627,20,당신은 어디 있나요 (2016 Ver.),양수경
628,20,타인,영턱스클럽
629,20,눈물,리아
630,20,슬픈 언약식,김정민
631,20,사랑했나봐,윤도현
632,20,천일동안,이승환
633,21,선글라스 (Feat. 9999 of 1%),칸토
634,21,그리움만 쌓이네,여진
635,21,고마워요,임현정
636,21,내게 남은 사랑을 드릴께요,장혜리
637,21,사랑은 창밖에 빗물같아요,양수경
638,21,붉은 노을,이문세
639,21,단발머리,조용필
640,21,희망사항,변진섭
641,21,아파트,윤수일
642,21,그 아픔까지 사랑한 거야,조정현
643,21,너를 향한 마음,이승환
644,21,취중진담(醉中眞談),전람회
645,21,너의 결혼식,윤종신
646,21,아마도 그건,최용준
647,21,후회 없는 사랑,포지션
648,21,슬프도록 아름다운 ...,K2 김성면
649,21,선글라스 (Feat. 9999 of 1%),칸토
650,21,널 위한 거야,미스 미스터
651,21,슬픔속에 그댈 지워야만 해,이현우
652,21,이 밤의 끝을 잡고,솔리드
653,21,애송이의 사랑,양파
654,21,화장을 고치고,왁스
655,21,보고 싶다,김범수
656,21,아름다운 날들,장혜진
657,21,사랑하기 때문에,유재하
658,21,이젠 그랬으면 좋겠네,조용필
659,21,세월이 가면,최호섭
660,21,사랑은 받는것이 아니라면서,해오라기
661,21,그대 먼곳에,마음과 마음
662,21,유리창엔 비,햇빛촌
663,21,가을사랑,신계행
664,22,선글라스 (Feat. 9999 of 1%),칸토
665,22,나의 외로움이 널 부를 때,장필순
666,22,시청 앞 지하철 역에서,동물원
667,22,흐린 가을 하늘에 편지를 써,김광석
668,22,내가 만일,안치환
669,22,백구,양희은
670,22,담배가게 아가씨,송창식
671,22,행복의 나라로,한대수
672,22,아쉬움,신촌 블루스
673,22,한잔의 추억,이장희
674,22,그런 날에는,어떤날
675,22,제비꽃,조동진
676,22,사랑일기,시인과 촌장
677,22,행복을 주는 사람,해바라기
678,22,그녀가 처음 울던 날,이정선
679,22,세계로 가는 기차,들국화
680,22,나도야 간다,김수철
681,22,산다는건 다 그런게 아니겠니,여행스케치
682,22,살다보면,권진원
683,22,향기로운 추억 (응답하라 1988 삽입곡),박학기
684,22,비처럼 음악처럼,김현식
685,22,가까이하기엔 너무 먼 당신,이광조
686,22,아쉬움,신촌 블루스
687,22,누구없소?,한영애
688,22,목화밭,하사와 병장
689,22,외할머니 댁,논두렁 밭두렁
690,22,기차와 소나무,이규석
691,22,웨딩 케이크,트윈 폴리오
692,22,처녀 뱃사공,금과은
693,22,저 별과 달을,어니언스
694,22,찻잔,노고지리
695,23,선글라스 (Feat. 9999 of 1%),칸토
696,23,샴푸의 요정,빛과 소금
697,23,오랜만에,김현철
698,23,처음 그 느낌처럼,신승훈
699,23,담다디,이상은 (=Lee-tzsche)
700,23,아무도,패닉
701,23,그럴때마다,"윤종신, 이장우, 조규찬, 김연우, 조삼희, 김창원, 유희열"
702,23,우리,전람회
703,23,오래전 그날,윤종신
704,23,오늘같은 밤이면,박정운
705,23,이 밤이 지나면,임재범
706,23,여우야(女雨夜),더 클래식
707,23,거꾸로 강을 거슬러 오르는 저 힘찬 연어들처럼,강산에
708,23,좋아 좋아,일기예보
709,23,별이 진다네,여행스케치
710,23,선글라스 (Feat. 9999 of 1%),칸토
711,23,이 밤의 끝을 잡고,솔리드
712,23,상심 (Remix),R.ef
713,23,Remember (그녀의 속눈썹은 길다),DJ DOC
714,23,헤어진 다음날,이현우
715,23,('Cause) I'm Your Girl,S.E.S.
716,23,루비(淚悲):슬픈 눈물,핑클 (Fin.K.L)
717,23,Everybody,진주
718,23,그때 또 다시 (Again),임창정
719,23,첫사랑,송시현
720,23,애송이의 사랑,양파
721,23,우리의 밤은 당신의 낮보다 아름답다,코나
722,23,내 눈물 모아,서지원
723,23,날 위한 이별,김혜림
724,23,먼지가 되어,이윤수
725,23,가리워진 길,유재하
726,24,사랑의 대화,이정석
727,24,새들처럼,변진섭
728,24,마지막 이별속에서,이준
729,24,졸업,이지연
730,24,사랑하고 싶어,이승철
731,24,동네 ('응답하라 1988' 삽입곡),김현철
732,24,화려한 날은 가고,유열
733,24,기쁜우리 사랑은,최성수
734,24,제주도의 푸른밤,최성원
735,24,그 아픔까지 사랑한거야,조정현
736,24,한바탕 웃음으로,이선희
737,24,어떤이의 꿈,봄여름가을겨울
738,24,기분 좋은 날,김완선
739,24,사랑하고 싶어,소방차
740,24,추억속의 그대,황치훈
741,24,가로수 그늘아래 서면,이문세
742,24,우리들이 함께 있는 밤,오석준
743,24,눈물나는 날에는,푸른하늘
744,24,아름다워라 그대,김종찬
745,24,골목길,김현식
746,24,조율,한영애
747,24,오늘같은 밤이면,박정운
748,24,어느 새,장필순
749,24,지난날,유재하
750,24,꼬마야,김창완
751,24,이층에서 본 거리,다섯손가락
752,24,모나리자,조용필
753,24,새벽 아침,수와 진
754,25,젊은 그대,김수철
755,25,바람 바람 바람 (골든),김범룡
756,25,어젯밤 이야기,소방차
757,25,젊음의 노트,유미리
758,25,열정,혜은이
759,25,촛불잔치,이재성
760,25,"어제, 오늘, 그리고",조용필
761,25,바다에 누워,높은음자리
762,25,희야,부활
763,25,그것만이 내세상,들국화
764,25,내사랑 내곁에 (응답하라 1988 삽입곡),김현식
765,25,세월이 가면,최호섭
766,25,묻어버린 아픔,김동환
767,25,사랑이 저만치 가네,김종찬
768,25,슬픈 그림같은 사랑,이상우
769,25,선글라스 (Feat. 9999 of 1%),칸토
770,25,바라볼 수 없는 그대 (2016 Ver.),양수경
771,25,나 항상 그대를,이선희
772,25,바람아 멈추어다오,이지연
773,25,사랑은 언제나 그 자리에,해바라기
774,25,너를 사랑하고도,전유나
775,25,유리창엔 비,햇빛촌
776,25,한번만 더,박성신
777,25,그대 모습은 장미,민해경
778,25,이밤을 다시 한 번,조하문
779,25,늦지않았음을,송재호
780,25,바보같은 미소,조갑경
781,25,내게로,장혜진
782,25,햄,김승기
783,25,휴식같은 친구,김민우
784,26,내가 (대상),"김학래, 임철우"
785,26,창문너머 어렴풋이 옛 생각이 나겠지요,산울림
786,26,창밖의 여자,조용필
787,26,고목,윤시내
788,26,바야야,이정희
789,26,당신은 누구시길래,심수봉
790,26,사랑이야,양희은
791,26,누구의 노래일까,민해경
792,26,봄 여름 가을 겨울,김현식
793,26,꿈을 먹는 젊은이,남궁옥분
794,26,실비 오는 소리에,이영화
795,26,아직도 못다한 사랑,솔개 트리오
796,26,옛시인의노래,한경애
797,26,겨울아이,이종용
798,26,찻잔,노고지리
799,26,해야,마그마
800,26,나 어떡해,샌드 페블즈
801,26,사랑,나훈아
802,26,내 마음 당신곁으로,김정수
803,26,모두 다 사랑하리,송골매
804,26,백지로 보낸 편지,김태정
805,26,참새와 허수아비,조정희
806,26,잊지는 말아야지,백영규
807,26,잃어버린 우산,우순실
808,26,그댄 봄비를 무척 좋아하나요,이혜민(배따라기)
809,26,J 에게 (대상),"이선희, 임성균"
810,26,갯바위,한마음
811,26,민들레 홀씨되어,박미경
812,26,무정 부르스,강승모
813,26,님그림자,노사연
814,26,우리는,송창식
815,26,난 아직 모르잖아요,이문세
816,27,선글라스 (Feat. 9999 of 1%),칸토
817,27,우리들의 이야기,윤형주
818,27,아름다운 사람,서유석
819,27,참 예쁘네요,현경과 영애
820,27,보라빛 향기,강수지
821,27,노노노노노,하수빈
822,27,종이학,전영록
823,27,님은 먼 곳에,김추자
824,27,그대여 안녕히,김트리오
825,27,작은 새,어니언스
826,27,빗물,채은옥
827,27,정,아도니스
828,27,내일을 기다려,박강성
829,27,제비,홍성모
830,27,젊은 연인들,"민영호,민경식"
831,27,바위섬,김원중
832,27,개똥벌레,신형원
833,27,행복이란,조경수
834,27,행복이란,조경수
835,27,연가,은희
836,27,그때 그 사람,심수봉
837,27,바보처럼 살았군요,이종용
838,27,당신만이,이치현과 벗님들
839,27,숙녀에게,변진섭
840,27,그대 발길 머무는 곳에,조용필
841,27,별이여 사랑이여,사랑의 하모니
842,27,저 높은 곳을 향하여,이영화
843,27,빙글빙글,Nami (나미)
844,27,이젠 잊기로 해요,김완선
845,27,오늘밤 내게,장은아
846,27,하얀 민들레,진미령
847,27,지금,조영남
848,27,사랑의 바람,이광조
849,27,난 아직 모르잖아요,이문세
850,27,우린 너무 쉽게 헤어졌어요,최진희
851,28,춘천 가는 기차,김현철
852,28,나에게로의 초대,정경화
853,28,내가 날 버린이유 (베이시스),채환
854,28,날아라 병아리,넥스트
855,28,취중진담(醉中眞談),전람회
856,28,그 후로 오랫동안,신승훈
857,28,기억속으로,이은미
858,28,칵테일 사랑,마로니에
859,28,나는 문제없어,황규영
860,28,마법의 성,더 클래식
861,28,내가 만일,안치환
862,28,W.H.I.T.E.,화이트
863,28,이브의 경고,박미경
864,28,날개,언타이틀
865,28,늘 지금처럼,이예린
866,28,조조 할인 (Feat. 이적),이문세
867,28,그녀는 예뻤다,박진영
868,28,오늘도 난,이승철
869,28,늑대와 함께 춤을,임창정
870,28,비밀은 없어,룰라
871,28,슬퍼지려 하기 전에,쿨 (COOL)
872,28,천생연분,솔리드
873,28,이별 공식,R.ef
874,28,살다보면,권진원
875,28,시청 앞 지하철 역에서,동물원
876,28,시작되는 연인들을 위해,이원진
877,28,내가 지켜줄께,녹색지대
878,28,하늘만 허락한 사랑,엄정화
879,28,기다리다,패닉
880,29,어느 소녀의 사랑이야기,민해경
881,29,빗물,송골매
882,29,나에게도 사랑이,함중아와 양키스
883,29,꿈의 대화,이범용
884,29,노래하며 춤추며,계은숙
885,29,빙글빙글,Nami (나미)
886,29,담배가게 아가씨,송창식
887,29,꿈에,조덕배
888,29,Q,조용필
889,29,내사랑 내곁에 (응답하라 1988 삽입곡),김현식
890,29,가로수 그늘아래 서면,이문세
891,29,행복한 사람,조동진
892,29,어머니와 고등어,김창완
893,29,영,이선희
894,29,내일이 찾아오면,박정운
895,29,고귀한 선물,장은아
896,29,내일로 가는 우리들,함현숙
897,29,어디쯤가고있을까,전영
898,29,물안개,석미경
899,29,매일 매일 기다려,티삼스
900,29,크게 라디오를 켜고,시나위
901,29,달빛 창가에서,도시아이들
902,29,풀잎사랑,최성수
903,29,그대 내게 다시,변진섭
904,29,사랑한후에 (응답하라 1988 삽입곡),전인권
905,29,혼자만의 사랑,김태영
906,29,처음 느낌 그대로,이소라
907,29,너를 사랑해,한동준
908,29,너의 마음을 내게 준다면,최연제
909,29,행복한 나를,에코
910,30,달팽이,패닉
911,30,기억의 습작,전람회
912,30,가질수 없는 너,뱅크
913,30,너를 보내고,YB (윤도현 밴드)
914,30,발걸음,에메랄드 캐슬
915,30,고백,델리스파이스
916,30,이 밤이 지나면,임재범
917,30,그대에게 (대상),무한궤도
918,30,아름다운 구속,김종서
919,30,난 그래,리아
920,30,헤이 헤이 헤이,하은
921,30,덩크 슛,이승환
922,30,날개 잃은 천사,룰라
923,30,다시 만나 줘,업타운
924,30,선글라스 (Feat. 9999 of 1%),칸토
925,30,Show,김원준
926,30,그래,디바
927,30,일과 이분의 일,투투
928,30,상상속의 너,노이즈
929,30,Aspirin (아스피린) (12 String Guitar Ver.),걸
930,30,포기하지 마,성진우
931,30,날 떠나지마,박진영
932,30,Twist King,터보
933,30,숨은 그림 찾기,엄정화
934,30,말하자면,김성재
935,30,책임져,언타이틀
936,30,환생,윤종신
937,30,좋아 좋아,일기예보
938,30,Candy,H.O.T.
939,30,Gasoline,지누션
940,30,1tym,원타임
941,31,내나이 마흔 살에는,양희은
942,31,하숙생,최희준
943,31,하얀 나비,김정호
944,31,학창시절,은희
945,31,당신의 모든 것을,원프러스원
946,31,모모(A),김만준
947,31,그대 없이는 못살아,패티김
948,31,나는 행복한 사람,이문세
949,31,임이 오는 소리,Toi Et Moi
950,31,사랑해,라나에로스포
951,31,그건 너,이장희
952,31,기도,홍삼트리오
953,31,사랑 그 아름답고 소중한 얘기들 (CF - 포스코 For happiness 편),배철수
954,31,길가에 앉아서,김세환
955,31,나는 행복합니다,윤항기
956,31,시골길,임성훈
957,31,밤 배,둘 다섯
958,31,편지,어니언스
959,31,맨처음 고백,송창식
960,31,선글라스 (Feat. 9999 of 1%),칸토
961,31,한동안 뜸했었지,사랑과 평화
962,31,미인,신중현과 엽전들
963,31,워싱톤 광장,이 시스터즈
964,31,오동잎,최헌
965,31,윙윙윙,박은옥
966,31,인생은 미완성,이진관
967,31,눈물 한 방울로 사랑은 시작되고,이유진
968,31,남자는 배 여자는 항구,심수봉
969,31,사랑의 미로,최진희
970,31,당신,김정수
971,31,올 가을엔 사랑할거야,방미
972,31,민들레 홀씨 되어,박미경
973,31,행복,이수만
974,31,이젠 잊기로 해요,김완선
975,31,미소를 띄우며 나를 보낸 그 모습처럼,이은하
976,31,사랑은 유리같은 것,원준희
977,31,내 마음의 보석상자,해바라기
978,32,선글라스 (Feat. 9999 of 1%),칸토
979,32,동행,최성수
980,32,그대 그리고 나,소리새
981,32,"바람, 바람, 바람",김범룡
982,32,물안개,석미경
983,32,사랑은 창밖에 빗물같아요,양수경
984,32,사랑의 썰물,임지훈
985,32,모란동백,김덕환
986,32,촛불켜는 밤,양하영
987,32,이별이란 없는거야 (응답하라 1988 삽입곡),최성원
988,32,묻어버린 아픔,김동환
989,32,슬픈 인연,Nami (나미)
990,32,이별 아닌 이별,이범학
991,32,내게 남은 사랑을 드릴께요,장혜리
992,32,세월이 가면,최호섭
993,32,아니 벌써,산울림
994,32,선글라스 (Feat. 9999 of 1%),칸토
995,32,내일을 향해,신성우
996,32,대답 없는 너,김종서
997,32,내 마음 알겠니,강수지
998,32,먼 훗날,박정운
999,32,먼지가 되어,이윤수
1000,32,꿈,이현우
1001,32,세상에 뿌려진 사랑만큼,이승환
1002,32,동숭로에서,마로니에
1003,32,산다는게 뭔지,이진관
1004,32,소녀시대,이승철
1005,32,보고싶은 얼굴,민해경
1006,32,새벽비,혜은이
1007,32,삐에로는 우릴 보고 웃지,김완선
1008,32,이젠 떠나가볼까,김혜림
1009,32,그대 슬픔까지 사랑해,심신
1010,33,선글라스 (Feat. 9999 of 1%),칸토
1011,33,네게 줄수 있는건 오직 사랑뿐,변진섭
1012,33,안녕이라고 말하지마,이승철
1013,33,내 아픔 아시는 당신께,조하문
1014,33,환희,정수라
1015,33,사랑할꺼야,이상은 (=Lee-tzsche)
1016,33,널 그리며,박남정
1017,33,갈무리,나훈아
1018,33,감수광,혜은이
1019,33,그대품에 잠들었으면,박정수
1020,33,사랑일뿐야,김민우
1021,33,샴푸의 요정,빛과 소금
1022,33,소중한 너 (Duet With 조규찬),박선주 (Pak Sun Zoo)
1023,33,웃어요,오석준
1024,33,프란다스의 개,이오공감
1025,33,그녀의 웃음소리뿐,이문세
1026,33,아름다워,윤수일밴드
1027,33,오랜만에,김현철
1028,33,너에게,서태지와 아이들
1029,33,난 멈추지 않는다,잼
1030,33,텔레파시,도시아이들
1031,33,로미오 & 줄리엣,신승훈
1032,33,걸어서 하늘까지,장현철
1033,33,질투,유승범
1034,33,너에게 원한건,노이즈
1035,33,자유시대,모자이크
1036,33,"서울, 이곳은",장철웅
1037,33,멀어져 간 사람아,박상민
1038,33,난 널 사랑해,신효범
1039,33,사랑할수록,부활
1040,33,난 아직도 널,작품 하나
1041,34,선글라스 (Feat. 9999 of 1%),칸토
1042,34,기차와 소나무,이규석
1043,34,널 사랑하겠어,동물원
1044,34,예정된 시간을 위해,장덕
1045,34,내사랑 투유,조갑경
1046,34,이별여행,원미연
1047,34,사랑했지만,김광석
1048,34,너에게 들려주고 싶은 이야기,015B
1049,34,친구에게,김민우
1050,34,갈색추억,한혜진
1051,34,디디디,김혜림
1052,34,바라볼 수 없는 그대,양수경
1053,34,나 항상 그대를,이선희
1054,34,세상 가장 밝은 곳에서 가장 빛나는 목소리로,유익종
1055,34,사랑이 저만치 가네,김종찬
1056,34,김성호의 회상,김성호
1057,34,흩어진 나날들,강수지
1058,34,선글라스 (Feat. 9999 of 1%),칸토
1059,34,희나리,구창모
1060,34,못다핀 꽃 한 송이,김수철
1061,34,참새와 허수아비,조정희
1062,34,가을을 남기고 간 사랑,패티김
1063,34,우리는,송창식
1064,34,사랑이여!,유심초
1065,34,파초,수와 진
1066,34,기타 하나 동전 한닢,이재성
1067,34,하늘색 꿈,Locust
1068,34,솔개,이태원
1069,34,목로 주점,이연실
1070,34,아버지의 의자,정수라
1071,34,내일이 찾아와도,서울패밀리
1072,34,이밤을 다시 한 번,조하문
1073,34,그날,김연숙
1074,34,마지막 그 아쉬움은 기나긴 시간 속에 묻어둔채,푸른하늘
1075,35,입영열차안에서,김민우
1076,35,로라,변진섭
1077,35,잊지 말아요,최성수
1078,35,유리창엔 비,햇빛촌
1079,35,추억속의 재회,조용필
1080,35,슬픈 표정 하지 말아요,신해철
1081,35,보고싶은 얼굴,민해경
1082,35,기분 좋은 날,김완선
1083,35,바람아 멈추어다오,이지연
1084,35,내 아픔 아시는 당신께,조하문
1085,35,안녕이라고 말하지마,이승철
1086,35,안녕 내사랑,박남정
1087,35,(MR 반주곡) 하얀바람 (소방차),Various Artists
1088,35,영,이선희
1089,35,아름다워라 그대,김종찬
1090,35,모두가 사랑이예요,해바라기
1091,35,선글라스 (Feat. 9999 of 1%),칸토
1092,35,지난날,유재하
1093,35,미소를 띄우며 나를 보낸 그 모습처럼,이은하
1094,35,세월이 가면,최호섭
1095,35,동행,최성수
1096,35,그대 그리고 나,소리새
1097,35,홀로된 사랑,여운
1098,35,짚시여인,이치현과 벗님들
1099,35,골목길,김현식
1100,35,날 울리지마,신승훈
1101,35,담다디,이상은 (=Lee-tzsche)
1102,35,노노노노노,하수빈
1103,35,그대와 함께 (With You),"손지창, 김민종"
1104,35,사랑이라 부를 수 있을까,인공위성
1105,35,칵테일 사랑,마로니에
1106,35,자유시대,모자이크
1107,35,그냥 걸었어,임종환
1108,36,그대안의 블루,"김현철, 이소라"
1109,36,어떤 그리움,이은미
1110,36,멀어져 간 사람아,박상민
1111,36,마지막 약속,김정민
1112,36,오늘같은 밤이면,박정운
1113,36,Lonely Night,부활
1114,36,나와 같다면,김장훈
1115,36,너를 향한 마음,이승환
1116,36,슬픈 그림같은 사랑,이상우
1117,36,가려진 시간 사이로,윤상
1118,36,마지막 축제,서태지와 아이들
1119,36,날 떠나지마,박진영
1120,36,나만의 친구,솔리드
1121,36,UFO,패닉
1122,36,선글라스 (Feat. 9999 of 1%),칸토
1123,36,환생,윤종신
1124,36,엉뚱한 상상 (White X-Mas를 기다리며),지누
1125,36,네모의 꿈,화이트
1126,36,만남,코요태
1127,36,3!4!,룰라
1128,36,단발머리,015B
1129,36,바다,유피
1130,36,이별 공식,R.ef
1131,36,슬퍼지려 하기 전에,쿨 (COOL)
1132,36,Time,태사자
1133,36,Blue Rain,핑클 (Fin.K.L)
1134,36,"Oh, My Love",S.E.S.
1135,36,커플,젝스키스
1136,36,행복,H.O.T.
1137,36,Happy Hour-꺼벙이의 일기,더 클래식
1138,37,빙글빙글,Nami (나미)
1139,37,불티,전영록
1140,37,사랑은 이제 그만,민해경
1141,37,남남,최성수
1142,37,사랑이 저만치 가네,김종찬
1143,37,홀로 된다는 것,변진섭
1144,37,개똥벌레,신형원
1145,37,가까이하기엔 너무 먼 당신,이광조
1146,37,사랑 사랑 누가 말했나,남궁옥분
1147,37,젊음의 노트,유미리
1148,37,담다디,이상은 (=Lee-tzsche)
1149,37,달빛 창가에서,도시아이들
1150,37,리듬 속의 그 춤을,김완선
1151,37,난 사랑을 아직 몰라,이지연
1152,37,사랑의 불시착,박남정
1153,37,돌아와요 부산항에,조용필
1154,37,선글라스 (Feat. 9999 of 1%),칸토
1155,37,아파트,윤수일
1156,37,정말로,현숙
1157,37,나도야 간다,김수철
1158,37,바람 바람 바람 (골든),김범룡
1159,37,사랑의 미로,최진희
1160,37,잊혀진 계절,이용
1161,37,모두가 사랑이예요,해바라기
1162,37,울고 싶어라,사랑과 평화
1163,37,벌써 이 밤이 다 지나고,"김현, 손경호"
1164,37,그녀에게 전해주오,소방차
1165,37,호랑나비,김흥국
1166,37,바람아 멈추어다오,이지연
1167,37,그 누구보다 더,이정현
1168,37,안녕이라고 말하지마,이승철
1169,37,바람에 옷깃이 날리듯,이상우
1170,37,손에 손잡고,Koreana
1171,37,그대에게 (대상),무한궤도
1172,38,비 오는 날의 수채화,권인하
1173,38,기억 속의 멜로디,오태호
1174,38,햄,김승기
1175,38,아껴둔 사랑을 위해,이주원
1176,38,너를 처음만난 그때,박준하
1177,38,내 마음 깊은 곳의 너,신해철
1178,38,그대가 이 세상에 있는 것만으로,한동준
1179,38,세월의 흔적 다 버리고,015B
1180,38,그리움만 쌓이네,노영심
1181,38,나는 외로움 그대는 그리움,박영미
1182,38,사랑한 후에,"전인권, 허성욱"
1183,38,내 곁에서 떠나가지 말아요,빛과 소금
1184,38,처음 느낌 그대로,이소라
1185,38,아리송해,이은하
1186,38,사랑하고 싶어,소방차
1187,38,새들처럼,변진섭
1188,38,한바탕 웃음으로,이선희
1189,38,잊지 말아요,최성수
1190,38,존대말을 써야할지 반말로 얘기해야할지,민해경
1191,38,당신은 어디 있나요,양수경
1192,38,정신차려,김수철
1193,38,이별 아닌 이별,이범학
1194,38,오늘같은 밤이면,박정운
1195,38,사랑 느낌,윤익희
1196,38,10년전의 일기를 꺼내어,봄여름가을겨울
1197,38,이 밤이 지나도록,푸른하늘
1198,38,그럴때마다,"윤종신, 이장우, 조규찬, 김연우, 조삼희, 김창원, 유희열"
1199,38,오! 사라,이상우
1200,38,나의 노래,김광석
1201,39,이세상 살아가다 보면,이문세
1202,39,어떤이의 꿈,봄여름가을겨울
1203,39,샴푸의 요정,빛과 소금
1204,39,어느 새,장필순
1205,39,여름밤의 꿈,김현식
1206,39,나뭇잎 사이로,조동진
1207,39,백구,양희은
1208,39,오솔길,라나에로스포
1209,39,꽃반지 끼고,Various Artists
1210,39,조약돌,박상규
1211,39,터,신형원
1212,39,보이네,Nami (나미)
1213,39,진짜진짜 좋아해,혜은이
1214,39,님 떠난 후,현이와 덕이
1215,39,밤차,이은하
1216,39,불티,전영록
1217,39,세상만사,송골매
1218,39,그녀를 만나는 곳 100M 전,이상우
1219,39,바람이 불어오는 곳,김광석
1220,39,행복을 주는 사람,해바라기
1221,39,개구장이 (1979),산울림
1222,39,난 아니야,조용필
1223,39,내일,김수철
1224,39,모닥불,박인희
1225,39,갯바위,한마음
1226,39,참새의 하루,송창식
1227,39,꽃밭에서,정훈희
1228,39,그댄 봄비를 무척 좋아하나요,이혜민(배따라기)
1229,39,사랑의 진실,어니언스
1230,39,이름 모를 소녀,김정호
1231,39,돌아가는 삼각지,배호
1232,39,맨발의 청춘,최희준
1233,39,흙에 살리라,홍세민
1234,39,사랑하는 마음,김세환
1235,39,바라볼 수 없는 그대,양수경
1236,40,선글라스 (Feat. 9999 of 1%),칸토
1237,40,옛 사랑,이문세
1238,40,여전히 아름다운지,김연우
1239,40,널 사랑하겠어,동물원
1240,40,우리의 밤은 당신의 낮보다 아름답다,코나
1241,40,회상 (December),터보
1242,40,산다는 건 다 그런게 아니겠니,여행스케치
1243,40,To Heaven (천국으로 보낸 편지),조성모
1244,40,그때 또 다시 (Again),임창정
1245,40,이 밤의 끝을 잡고,솔리드
1246,40,재즈 카페,신해철
1247,40,미소 속에 비친 그대,신승훈
1248,40,추억속의 그대,황치훈
1249,40,이별의 그늘,윤상
1250,40,행복한 나를,에코
1251,40,선글라스 (Feat. 9999 of 1%),칸토
1252,40,너 없는 동안,김원준
1253,40,천생연분,솔리드
1254,40,난 멈추지 않는다,잼
1255,40,질투,유승범
1256,40,슬퍼지려 하기 전에,쿨 (COOL)
1257,40,내 눈물 모아,서지원
1258,40,빛 (Hope),H.O.T.
1259,40,달팽이,패닉
1260,40,언젠가는,이상은 (=Lee-tzsche)
1261,40,산골 소년의 사랑이야기,예민
1262,40,사랑은 유리같은 것,원준희
1263,40,인형의 꿈,일기예보
1264,40,날 위한 이별,김혜림
1265,40,사랑일뿐야,김민우
1266,40,강(江),패닉
1267,41,너만을 느끼며,더 블루
1268,41,종로에서,오월
1269,41,가질수 없는 너,뱅크
1270,41,그 겨울의 찻집,조용필
1271,41,난 아직 모르잖아요,이문세
1272,41,처음 느낌 그대로,이소라
1273,41,나의 거리,이선희
1274,41,그대 떠나는 날 비가 오는가,산울림
1275,41,하늘만 허락한 사랑,엄정화
1276,41,왜 그래,김현철
1277,41,여우야(女雨夜),더 클래식
1278,41,사랑의 썰물,임지훈
1279,41,희나리,구창모
1280,41,사랑하기 때문에,유재하
1281,41,선글라스 (Feat. 9999 of 1%),칸토
1282,41,너에게 원한건,노이즈
1283,41,아주 오래된 연인들,015B
1284,41,내가 너의 곁에 잠시 살았다는 걸,"토이, 김연우"
1285,41,안녕이라고 말하지마,이승철
1286,41,너를 사랑해,한동준
1287,41,오래전 그날,윤종신
1288,41,바라볼 수 없는 그대,양수경
1289,41,희야,부활
1290,41,거리에서,김광석
1291,41,내게 남은 사랑을 드릴께요,장혜리
1292,41,칵테일 사랑,마로니에
1293,41,이 밤이 지나면,임재범
1294,41,좋은 날,이승환
1295,41,내사랑 내곁에 (응답하라 1988 삽입곡),김현식
1296,42,선글라스 (Feat. 9999 of 1%),칸토
1297,42,인디안인형처럼,Nami (나미)
1298,42,기쁜우리 사랑은,최성수
1299,42,혜화동,동물원
1300,42,너에게로 또 다시,변진섭
1301,42,난 아직 모르잖아요,이문세
1302,42,무정 부르스,강승모
1303,42,내 아픔 아시는 당신께,조하문
1304,42,사랑으로,해바라기
1305,42,제주도의 푸른밤,최성원
1306,42,Q,조용필
1307,42,나의 노래,김광석
1308,42,동네 ('응답하라 1988' 삽입곡),김현철
1309,42,마지막 콘서트,이승철
1310,42,추억의 책장을 넘기면,이선희
1311,42,선글라스 (Feat. 9999 of 1%),칸토
1312,42,슬픈 인연,015B
1313,42,인형의 꿈,일기예보
1314,42,보이지 않는 사랑,신승훈
1315,42,너를 사랑하고도,전유나
1316,42,슬픈 언약식,김정민
1317,42,나와 같다면,김장훈
1318,42,사랑할수록,부활
1319,42,영원히 내게,안상수
1320,42,내 남은 사랑을 위해,홍경민
1321,42,옛 이야기,김규민
1322,42,이별 아닌 이별,이범학
1323,42,먼 훗날,박정운
1324,42,예정된 시간을 위해,장덕
1325,42,사랑하기에,이정석
1326,43,선글라스 (Feat. 9999 of 1%),칸토
1327,43,사랑이 저만치 가네,김종찬
1328,43,향기로운 추억 (응답하라 1988 삽입곡),박학기
1329,43,묻어버린 아픔,김동환
1330,43,널 그리며,박남정
1331,43,소녀시대,이승철
1332,43,사랑은 창밖에 빗물같아요,양수경
1333,43,슬픈 바다,조정현
1334,43,화려한 날은 가고,유열
1335,43,여름날의 추억,이정석
1336,43,사랑할꺼야,이상은 (=Lee-tzsche)
1337,43,"돌고, 돌고, 돌고",전인권
1338,43,골목길,김현식
1339,43,어떤이의 꿈,봄여름가을겨울
1340,43,기차와 소나무,이규석
1341,43,새들처럼,변진섭
1342,43,선글라스 (Feat. 9999 of 1%),칸토
1343,43,한번만 더,박성신
1344,43,가로수 그늘아래 서면,이문세
1345,43,우리 앞의 생이 끝나갈 때,무한궤도
1346,43,지난날,유재하
1347,43,기다린 날도 지워질 날도,이승환
1348,43,꼬마야,김창완
1349,43,슬픈 안녕,이지연
1350,43,마음에 쓰는 편지,임백천
1351,43,바람아 멈추어다오,이지연
1352,43,만남,노사연
1353,43,그대 모습은 장미,민해경
1354,43,한바탕 웃음으로,이선희
1355,43,사랑하고 싶어,소방차
1356,43,나만의 것,김완선
1357,43,자꾸 서성이게 돼,박학기
1358,44,선글라스 (Feat. 9999 of 1%),칸토
1359,44,타타타,김국환
1360,44,남남,최성수
1361,44,그 겨울의 찻집,조용필
1362,44,당신,김정수
1363,44,낭만에 대하여,최백호
1364,44,서울탱고,방실이
1365,44,환희,정수라
1366,44,영원한 친구,Nami (나미)
1367,44,황홀한 고백,윤수일
1368,44,너나 좋아해 나너 좋아해,현이와 덕이
1369,44,새벽 아침,수와 진
1370,44,님은 먼 곳에,김추자
1371,44,바람난 천사,김종환
1372,44,그저 바라볼 수만 있어도,유익종
1373,44,멍에,김수희
1374,44,여러분,윤복희
1375,44,선글라스 (Feat. 9999 of 1%),칸토
1376,44,세월이 가면,최호섭
1377,44,바보같은 미소,조갑경
1378,44,저녁놀,전영록
1379,44,그대는 인형처럼 웃고 있지만,민해경
1380,44,짚시여인,이치현과 벗님들
1381,44,텔레파시,도시아이들
1382,44,나 항상 그대를,이선희
1383,44,너무 늦었잖아요,변진섭
1384,44,그 아픔까지 사랑한거야,조정현
1385,44,아! 바람이여,박남정
1386,44,눈물나는 날에는,푸른하늘
1387,44,물안개,석미경
1388,44,추억속의 그대,황치훈
1389,44,슬퍼지는 내 모습,양홍섭
1390,44,난 아직도 널 (대상),작품 하나
1391,44,외롭지만 혼자 걸을 수 있어,봄여름가을겨울
1392,45,선글라스 (Feat. 9999 of 1%),칸토
1393,45,나를 용서해,킵식스 (Keep Six)
1394,45,별(別),팀
1395,45,달의 몰락,김현철
1396,45,혼자만의 사랑,김태영
1397,45,그냥 걸었어,임종환
1398,45,그대 눈물까지도,투투
1399,45,너에게,서태지와 아이들
1400,45,서시,신성우
1401,45,낭만에 대하여,최백호
1402,45,비나리,심수봉
1403,45,애모,김수희
1404,45,...라구요,강산에
1405,45,대답 없는 너,김종서
1406,45,오늘같은 밤이면,박정운
1407,45,언제나 그 자리에,신효범
1408,45,선글라스 (Feat. 9999 of 1%),칸토
1409,45,그 후로 오랫동안,신승훈
1410,45,내사랑 내곁에 (응답하라 1988 삽입곡),김현식
1411,45,하룻밤의 꿈,이상우
1412,45,마지막 콘서트,이승철
1413,45,너에게 원한건,노이즈
1414,45,느낌만으로,박지원
1415,45,마법의 성,더 클래식
1416,45,나와 같다면,김장훈
1417,45,달팽이,패닉
1418,45,흩어진 나날들,강수지
1419,45,너에게 들려주고 싶은 이야기,015B
1420,45,살다보면,권진원
1421,45,난 널 사랑해,신효범
1422,45,내가 아는 한가지,이덕진
1423,46,선글라스 (Feat. 9999 of 1%),칸토
1424,46,내 낡은 서랍 속의 바다,패닉
1425,46,거꾸로 강을 거슬러 오르는 저 힘찬 연어들처럼,강산에
1426,46,바람의 노래,조용필
1427,46,"우리 사랑 이대로 (Duet With 이혜진) (영화 ""연풍연가"" 주제곡)",주영훈
1428,46,난 아직 모르잖아요,이문세
1429,46,백만송이 장미,심수봉
1430,46,난 행복해,이소라
1431,46,기억의 습작,전람회
1432,46,슬픈 언약식,김정민
1433,46,준비 없는 이별,녹색지대
1434,46,가려진 시간 사이로,윤상
1435,46,그리움으로 지는 너,코코
1436,46,바람난 천사,김종환
1437,46,선글라스 (Feat. 9999 of 1%),칸토
1438,46,넌 언제나,모노
1439,46,회상 (December),터보
1440,46,너의 뒤에서,박진영
1441,46,남겨진 시간을 위하여,장혜리
1442,46,너무 아픈 사랑은 사랑이 아니었음을,김광석
1443,46,슬픈 얼굴,A.R.T
1444,46,타인,영턱스클럽
1445,46,7년간의 사랑,화이트
1446,46,내가 날 버린 이유,베이시스
1447,46,영원히 내게,안상수
1448,46,그 아픔까지 사랑한거야,조정현
1449,46,사랑일뿐야,김민우
1450,46,너에게로 또 다시,변진섭
1451,46,시청 앞 지하철 역에서,동물원
1452,47,선글라스 (Feat. 9999 of 1%),칸토
1453,47,1994년 어느 늦은 밤,장혜진
1454,47,여전히 아름다운지,김연우
1455,47,편지,김광진
1456,47,행복한 나를,에코
1457,47,늦은 후회,보보
1458,47,인형의 꿈,일기예보
1459,47,또 다른 만남을 위해,김민종
1460,47,To Heaven (천국으로 보낸 편지),조성모
1461,47,그 후로 오랫동안,신승훈
1462,47,사랑한 후에,신성우
1463,47,시작되는 연인들을 위해,이원진
1464,47,시작,박기영
1465,47,내게 다시,더더 (THETHE)
1466,47,결혼해줘,임창정
1467,47,선글라스 (Feat. 9999 of 1%),칸토
1468,47,난 아직 모르잖아요,이문세
1469,47,중독된 사랑,조장혁
1470,47,사랑할수록,부활
1471,47,비(悲)의 Rhapsody,최재훈
1472,47,사랑합니다 (Inst.),Various Artists
1473,47,내 곁에서 떠나가지 말아요,빛과 소금
1474,47,잊지 말기로 해,이소라
1475,47,당신은 천사와 커피를 마셔본 적이 있습니까,김성호
1476,47,너의 의미,산울림
1477,47,화려하지 않은 고백,이승환
1478,47,별이 진다네,여행스케치
1479,47,비오는 거리,이승훈
1480,47,사랑이라는 이유로,조 트리오
1481,47,그땐 그랬지,카니발
1482,48,선글라스 (Feat. 9999 of 1%),칸토
1483,48,한바탕 웃음으로,이선희
1484,48,잠도 오지 않는 밤에,이승철
1485,48,오늘같은 밤이면,박정운
1486,48,예정된 시간을 위해,장덕
1487,48,세상이 그대를 속일지라도,김장훈
1488,48,서시 (Inst.),신성우
1489,48,난 널 사랑해,신효범
1490,48,멀어져 간 사람아,박상민
1491,48,꿈결같은 세상,송시현
1492,48,슬픈 계절에 만나요,백영규
1493,48,슬픈 표정 하지 말아요,신해철
1494,48,나의 하루,박정현
1495,48,루비(淚悲):슬픈 눈물,핑클 (Fin.K.L)
1496,48,칵테일 사랑,마로니에
1497,48,바람아 멈추어다오,이지연
1498,48,선글라스 (Feat. 9999 of 1%),칸토
1499,48,누구보다 널 사랑해,비쥬
1500,48,커플,젝스키스
1501,48,언젠가는,이상은 (=Lee-tzsche)
1502,48,귀로 (은상),박선주 (Pak Sun Zoo)
1503,48,나만의 슬픔,김돈규
1504,48,나를 슬프게 하는 사람들,김경호
1505,48,발걸음,에메랄드 캐슬
1506,48,너를 사랑하고도,전유나
1507,48,당신은 어디 있나요 (2016 Ver.),양수경
1508,48,타인,영턱스클럽
1509,48,눈물,리아
1510,48,슬픈 언약식,김정민
1511,48,사랑했나봐,윤도현
1512,48,천일동안,이승환
1513,49,선글라스 (Feat. 9999 of 1%),칸토
1514,49,그리움만 쌓이네,여진
1515,49,고마워요,임현정
1516,49,내게 남은 사랑을 드릴께요,장혜리
1517,49,사랑은 창밖에 빗물같아요,양수경
1518,49,붉은 노을,이문세
1519,49,단발머리,조용필
1520,49,희망사항,변진섭
1521,49,아파트,윤수일
1522,49,그 아픔까지 사랑한 거야,조정현
1523,49,너를 향한 마음,이승환
1524,49,취중진담(醉中眞談),전람회
1525,49,너의 결혼식,윤종신
1526,49,아마도 그건,최용준
1527,49,후회 없는 사랑,포지션
1528,49,슬프도록 아름다운 ...,K2 김성면
1529,49,"Chopin: Piano Concerto No. 1 in E Minor, Op. 11 (Arr. Pletnev) - I. Allegro maestoso","Daniil Trifonov, Mikhail Pletnev, Mahler Chamber Orchestra"
1530,50,미소 속에 비친 그대,신승훈
1531,50,내사랑 투유,조갑경
1532,50,그대가 이 세상에 있는 것만으로,한동준
1533,50,안녕이라고 말하지마,이승철
1534,50,그녀를 위해,이정봉
1535,50,슬픈 바다,조정현
1536,50,그대 내 맘에 들어오면은,조덕배
1537,50,오직 하나뿐인 그대,심신
1538,50,처음 느낌 그대로,이소라
1539,50,오늘 같은 밤이면,박정운
1540,50,편지할께요,박정현
1541,50,송인(送人),쿨 (COOL)
1542,50,입영열차안에서,김민우
1543,50,겨울비,김종서
1544,50,선글라스 (Feat. 9999 of 1%),칸토
1545,50,하룻밤의 꿈,이상우
1546,50,혼자만의 사랑,김태영
1547,50,작별의식,베이시스
1548,50,소중한 너 (Duet With 조규찬),박선주 (Pak Sun Zoo)
1549,50,비오는 날 수채화,"김현식, 강인원, 권인하"
1550,50,7년간의 사랑,화이트
1551,50,애인(愛人),김정민
1552,50,날아라 병아리,넥스트
1553,50,사랑은 유리같은 것,원준희
1554,50,너를 품에 안으면,컬트
1555,50,아주 오래된 연인들,015B
1556,50,기억 속의 멜로디,오태호
1557,50,하얀 겨울,Mr.2
1558,50,다시 태어나도 (Duet dy 에스더),김돈규
1559,51,선글라스 (Feat. 9999 of 1%),칸토
1560,51,샴푸의 요정,빛과 소금
1561,51,오랜만에,김현철
1562,51,처음 그 느낌처럼,신승훈
1563,51,담다디,이상은 (=Lee-tzsche)
1564,51,아무도,패닉
1565,51,그럴때마다,"윤종신, 이장우, 조규찬, 김연우, 조삼희, 김창원, 유희열"
1566,51,우리,전람회
1567,51,오래전 그날,윤종신
1568,51,오늘같은 밤이면,박정운
1569,51,이 밤이 지나면,임재범
1570,51,여우야(女雨夜),더 클래식
1571,51,거꾸로 강을 거슬러 오르는 저 힘찬 연어들처럼,강산에
1572,51,좋아 좋아,일기예보
1573,51,별이 진다네,여행스케치
1574,51,선글라스 (Feat. 9999 of 1%),칸토
1575,51,이 밤의 끝을 잡고,솔리드
1576,51,상심 (Remix),R.ef
1577,51,Remember (그녀의 속눈썹은 길다),DJ DOC
1578,51,헤어진 다음날,이현우
1579,51,('Cause) I'm Your Girl,S.E.S.
1580,51,루비(淚悲):슬픈 눈물,핑클 (Fin.K.L)
1581,51,Everybody,진주
1582,51,그때 또 다시 (Again),임창정
1583,51,첫사랑,송시현
1584,51,애송이의 사랑,양파
1585,51,우리의 밤은 당신의 낮보다 아름답다,코나
1586,51,내 눈물 모아,서지원
1587,51,날 위한 이별,김혜림
1588,51,먼지가 되어,이윤수
1589,51,가리워진 길,유재하
1590,52,선글라스 (Feat. 9999 of 1%),칸토
1591,52,사랑의 대화,이정석
1592,52,새들처럼,변진섭
1593,52,마지막 이별속에서,이준
1594,52,졸업,이지연
1595,52,사랑하고 싶어,이승철
1596,52,동네 ('응답하라 1988' 삽입곡),김현철
1597,52,화려한 날은 가고,유열
1598,52,기쁜우리 사랑은,최성수
1599,52,제주도의 푸른밤,최성원
1600,52,그 아픔까지 사랑한거야,조정현
1601,52,한바탕 웃음으로,이선희
1602,52,어떤이의 꿈,봄여름가을겨울
1603,52,기분 좋은 날,김완선
1604,52,사랑하고 싶어,소방차
1605,52,추억속의 그대,황치훈
1606,52,선글라스 (Feat. 9999 of 1%),칸토
1607,52,가로수 그늘아래 서면,이문세
1608,52,우리들이 함께 있는 밤,오석준
1609,52,눈물나는 날에는,푸른하늘
1610,52,아름다워라 그대,김종찬
1611,52,골목길 (응답하라 1988 삽입곡),신촌 블루스
1612,52,조율,한영애
1613,52,오늘같은 밤이면,박정운
1614,52,어느 새,장필순
1615,52,지난날,유재하
1616,52,꼬마야,김창완
1617,52,이층에서 본 거리,다섯손가락
1618,52,모나리자,조용필
1619,52,새벽 아침,수와 진
1620,53,선글라스 (Feat. 9999 of 1%),칸토
1621,53,내가 (대상),"김학래, 임철우"
1622,53,창문너머 어렴풋이 옛 생각이 나겠지요,산울림
1623,53,창밖의 여자,조용필
1624,53,고목,윤시내
1625,53,바야야,이정희
1626,53,당신은 누구시길래,심수봉
1627,53,사랑이야,양희은
1628,53,누구의 노래일까,정수라
1629,53,봄 여름 가을 겨울,김현식
1630,53,꿈을 먹는 젊은이,남궁옥분
1631,53,실비 오는 소리에,이영화
1632,53,아직도 못다한 사랑,솔개 트리오
1633,53,옛시인의노래,한경애
1634,53,겨울아이,이종용
1635,53,찻잔,노고지리
1636,53,해야,마그마
1637,53,선글라스 (Feat. 9999 of 1%),칸토
1638,53,나 어떡해,샌드 페블즈
1639,53,사랑,나훈아
1640,53,내 마음 당신곁으로,김정수
1641,53,모두 다 사랑하리,송골매
1642,53,백지로 보낸 편지,김태정
1643,53,참새와 허수아비,조정희
1644,53,잊지는 말아야지,백영규
1645,53,잃어버린 우산,우순실
1646,53,그댄 봄비를 무척 좋아하나요,배따라기
1647,53,J 에게 (대상),"이선희, 임성균"
1648,53,갯바위,한마음
1649,53,민들레 홀씨되어,박미경
1650,53,무정 부르스,강승모
1651,53,님그림자,노사연
1652,53,우리는,송창식
1653,53,난 아직 모르잖아요,이문세
1654,54,선글라스 (Feat. 9999 of 1%),칸토
1655,54,우리들의 이야기,윤형주
1656,54,아름다운 사람,서유석
1657,54,참 예쁘네요,현경과 영애
1658,54,보라빛 향기,강수지
1659,54,노노노노노,하수빈
1660,54,종이학,전영록
1661,54,님은 먼 곳에,김추자
1662,54,그대여 안녕히,김트리오
1663,54,작은 새,어니언스
1664,54,빗물,채은옥
1665,54,정,아도니스
1666,54,내일을 기다려,박강성
1667,54,제비,홍성모
1668,54,젊은 연인들,"민영호,민경식"
1669,54,바위섬,김원중
1670,54,개똥벌레,신형원
1671,54,행복이란,조경수
1672,54,행복이란,조경수
1673,54,선글라스 (Feat. 9999 of 1%),칸토
1674,54,연가,은희
1675,54,그때 그 사람,심수봉
1676,54,바보처럼 살았군요,이종용
1677,54,당신만이,이치현과 벗님들
1678,54,숙녀에게,변진섭
1679,54,그대 발길 머무는 곳에,조용필
1680,54,별이여 사랑이여,사랑의 하모니
1681,54,저 높은 곳을 향하여,이영화
1682,54,빙글빙글,Nami (나미)
1683,54,이젠 잊기로 해요,김완선
1684,54,오늘밤 내게,장은아
1685,54,하얀 민들레,진미령
1686,54,지금,조영남
1687,54,사랑의 바람,이광조
1688,54,난 아직 모르잖아요,이문세
1689,54,우린 너무 쉽게 헤어졌어요,최진희
1690,55,선글라스 (Feat. 9999 of 1%),칸토
1691,55,춘천 가는 기차,김현철
1692,55,나에게로의 초대,정경화
1693,55,내가 날 버린 이유,베이시스
1694,55,날아라 병아리,넥스트
1695,55,취중진담(醉中眞談),전람회
1696,55,그 후로 오랫동안,신승훈
1697,55,기억속으로,이은미
1698,55,칵테일 사랑,마로니에
1699,55,나는 문제없어,황규영
1700,55,마법의 성,더 클래식
1701,55,내가 만일,안치환
1702,55,W.H.I.T.E.,화이트
1703,55,이브의 경고,박미경
1704,55,날개,언타이틀
1705,55,선글라스 (Feat. 9999 of 1%),칸토
1706,55,늘 지금처럼,이예린
1707,55,조조 할인 (Feat. 이적),이문세
1708,55,그녀는 예뻤다,박진영
1709,55,오늘도 난,이승철
1710,55,늑대와 함께 춤을,임창정
1711,55,비밀은 없어,룰라
1712,55,슬퍼지려 하기 전에,쿨 (COOL)
1713,55,천생연분,솔리드
1714,55,이별 공식,R.ef
1715,55,살다보면,권진원
1716,55,시청 앞 지하철 역에서,동물원
1717,55,시작되는 연인들을 위해,이원진
1718,55,내가 지켜줄께,녹색지대
1719,55,하늘만 허락한 사랑,엄정화
1720,55,기다리다,패닉
1721,56,선글라스 (Feat. 9999 of 1%),칸토
1722,56,어느 소녀의 사랑이야기,민해경
1723,56,빗물,송골매
1724,56,나에게도 사랑이,함중아와 양키스
1725,56,꿈의 대화,이범용
1726,56,노래하며 춤추며,계은숙
1727,56,빙글빙글,Nami (나미)
1728,56,담배가게 아가씨,송창식
1729,56,꿈에,조덕배
1730,56,Q,조용필
1731,56,내사랑 내곁에 (응답하라 1988 삽입곡),김현식
1732,56,가로수 그늘아래 서면,이문세
1733,56,행복한 사람,조동진
1734,56,어머니와 고등어,김창완
1735,56,영,이선희
1736,56,내일이 찾아오면,박정운
1737,56,선글라스 (Feat. 9999 of 1%),칸토
1738,56,고귀한 선물,장은아
1739,56,내일로 가는 우리들,함현숙
1740,56,어디쯤가고있을까,전영
1741,56,물안개,석미경
1742,56,매일 매일 기다려,티삼스
1743,56,크게 라디오를 켜고,시나위
1744,56,달빛 창가에서,도시아이들
1745,56,풀잎사랑,최성수
1746,56,그대 내게 다시,변진섭
1747,56,사랑한후에 (응답하라 1988 삽입곡),전인권
1748,56,혼자만의 사랑,김태영
1749,56,처음 느낌 그대로,이소라
1750,56,너를 사랑해,한동준
1751,56,너의 마음을 내게 준다면,최연제
1752,56,행복한 나를,에코
1753,57,선글라스 (Feat. 9999 of 1%),칸토
1754,57,달팽이,패닉
1755,57,기억의 습작,전람회
1756,57,가질수 없는 너,뱅크
1757,57,너를 보내고,YB (윤도현 밴드)
1758,57,발걸음,에메랄드 캐슬
1759,57,고백,델리스파이스
1760,57,이 밤이 지나면,임재범
1761,57,그대에게 (대상),무한궤도
1762,57,아름다운 구속,김종서
1763,57,난 그래,리아
1764,57,헤이 헤이 헤이,하은
1765,57,덩크 슛,이승환
1766,57,날개 잃은 천사,룰라
1767,57,다시 만나 줘,업타운
1768,57,선글라스 (Feat. 9999 of 1%),칸토
1769,57,Show,김원준
1770,57,그래,디바
1771,57,일과 이분의 일,투투
1772,57,상상속의 너,노이즈
1773,57,Aspirin (아스피린) (12 String Guitar Ver.),걸
1774,57,포기하지 마,성진우
1775,57,날 떠나지마,박진영
1776,57,Twist King,터보
1777,57,숨은 그림 찾기,엄정화
1778,57,말하자면,김성재
1779,57,책임져,언타이틀
1780,57,환생,윤종신
1781,57,좋아 좋아,일기예보
1782,57,Candy,H.O.T.
1783,57,Gasoline,지누션
1784,57,1tym,원타임
1785,58,선글라스 (Feat. 9999 of 1%),칸토
1786,58,내나이 마흔 살에는,양희은
1787,58,하숙생,최희준
1788,58,하얀 나비,김정호
1789,58,학창시절,은희
1790,58,당신의 모든 것을,One Plus One
1791,58,모모(A),김만준
1792,58,그대 없이는 못살아,패티김
1793,58,나는 행복한 사람,이문세
1794,58,임이 오는 소리,Toi Et Moi
1795,58,사랑해,라나에로스포
1796,58,그건 너,이장희
1797,58,기도,홍삼트리오
1798,58,사랑 그 아름답고 소중한 얘기들 (CF - 포스코 For happiness 편),배철수
1799,58,길가에 앉아서,김세환
1800,58,나는 행복합니다,윤항기
1801,58,시골길,임성훈
1802,58,밤 배,둘 다섯
1803,58,편지,어니언스
1804,58,맨처음 고백,송창식
1805,58,선글라스 (Feat. 9999 of 1%),칸토
1806,58,한동안 뜸했었지,사랑과 평화
1807,58,미인,신중현과 엽전들
1808,58,워싱톤 광장,이 시스터즈
1809,58,오동잎,최헌
1810,58,윙윙윙,박은옥
1811,58,인생은 미완성,이진관
1812,58,눈물 한 방울로 사랑은 시작되고,이유진
1813,58,남자는 배 여자는 항구,심수봉
1814,58,사랑의 미로,최진희
1815,58,당신,김정수
1816,58,올 가을엔 사랑할거야,방미
1817,58,민들레 홀씨 되어,박미경
1818,58,행복,이수만
1819,58,이젠 잊기로 해요,김완선
1820,58,미소를 띄우며 나를 보낸 그 모습처럼,이은하
1821,58,사랑은 유리같은 것,원준희
1822,58,내 마음의 보석상자,해바라기
1823,59,동행,최성수
1824,59,그대 그리고 나,소리새
1825,59,"바람, 바람, 바람",김범룡
1826,59,물안개,석미경
1827,59,사랑은 창밖에 빗물같아요,양수경
1828,59,사랑의 썰물,임지훈
1829,59,모란동백,김덕환
1830,59,모란 동백 (Cover Ver.),"박경훈, 해야"
1831,59,촛불켜는 밤,양하영
1832,59,이별이란 없는거야 (응답하라 1988 삽입곡),최성원
1833,59,묻어버린 아픔,김동환
1834,59,슬픈 인연,Nami (나미)
1835,59,이별 아닌 이별,이범학
1836,59,내게 남은 사랑을 드릴께요,장혜리
1837,59,세월이 가면,최호섭
1838,59,아니 벌써,산울림
1839,59,내일을 향해,신성우
1840,59,대답 없는 너,김종서
1841,59,내 마음 알겠니,강수지
1842,59,먼 훗날,박정운
1843,59,먼지가 되어,이윤수
1844,59,꿈,이현우
1845,59,세상에 뿌려진 사랑만큼,이승환
1846,59,동숭로에서,마로니에
1847,59,산다는게 뭔지,이진관
1848,59,소녀시대,이승철
1849,59,보고싶은 얼굴,민해경
1850,59,새벽비,혜은이
1851,59,삐에로는 우릴 보고 웃지,김완선
1852,59,이젠 떠나가볼까,김혜림
1853,59,그대 슬픔까지 사랑해,심신
1854,60,네게 줄수 있는건 오직 사랑뿐,변진섭
1855,60,안녕이라고 말하지마,이승철
1856,60,내 아픔 아시는 당신께,조하문
1857,60,환희,정수라
1858,60,사랑할꺼야,이상은 (=Lee-tzsche)
1859,60,널 그리며,박남정
1860,60,갈무리,나훈아
1861,60,감수광,혜은이
1862,60,그대품에 잠들었으면,박정수
1863,60,사랑일뿐야,김민우
1864,60,샴푸의 요정,빛과 소금
1865,60,소중한 너 (Duet With 조규찬),박선주 (Pak Sun Zoo)
1866,60,웃어요,오석준
1867,60,프란다스의 개,이오공감
1868,60,그녀의 웃음소리뿐,이문세
1869,60,아름다워,윤수일밴드
1870,60,오랜만에,김현철
1871,60,너에게,서태지와 아이들
1872,60,난 멈추지 않는다,잼
1873,60,텔레파시,도시아이들
1874,60,로미오 & 줄리엣,신승훈
1875,60,걸어서 하늘까지,장현철
1876,60,질투,유승범
1877,60,너에게 원한건,노이즈
1878,60,자유시대,모자이크
1879,60,"서울, 이곳은",장철웅
1880,60,멀어져 간 사람아,박상민
1881,60,난 널 사랑해,신효범
1882,60,사랑할수록,부활
1883,60,난 아직도 널,작품 하나
1884,61,기차와 소나무,이규석
1885,61,널 사랑하겠어,동물원
1886,61,예정된 시간을 위해,장덕
1887,61,내사랑 투유,조갑경
1888,61,이별여행,원미연
1889,61,사랑했지만,김광석
1890,61,너에게 들려주고 싶은 이야기,015B
1891,61,친구에게,김민우
1892,61,갈색추억,한혜진
1893,61,디디디,김혜림
1894,61,바라볼 수 없는 그대,양수경
1895,61,나 항상 그대를,이선희
1896,61,세상 가장 밝은 곳에서 가장 빛나는 목소리로,유익종
1897,61,사랑이 저만치 가네,김종찬
1898,61,김성호의 회상,김성호
1899,61,흩어진 나날들,강수지
1900,61,선글라스 (Feat. 9999 of 1%),칸토
1901,61,희나리,구창모
1902,61,못다핀 꽃 한 송이,김수철
1903,61,참새와 허수아비,조정희
1904,61,가을을 남기고 간 사랑,패티김
1905,61,우리는,송창식
1906,61,사랑이여!,유심초
1907,61,파초,수와 진
1908,61,기타 하나 동전 한닢,이재성
1909,61,하늘색 꿈,Locust
1910,61,솔개,이태원
1911,61,목로 주점,이연실
1912,61,아버지의 의자,정수라
1913,61,내일이 찾아와도,강승용
1914,61,이밤을 다시 한 번,조하문
1915,61,그날,김연숙
1916,61,마지막 그 아쉬움은 기나긴 시간 속에 묻어둔채,푸른하늘
1917,62,선글라스 (Feat. 9999 of 1%),칸토
1918,62,이젠 잊기로 해요,김완선
1919,62,사랑할꺼야,이상은 (=Lee-tzsche)
1920,62,남자는 여자를 귀찮게 해,문주란
1921,62,나의 옛날이야기,조덕배
1922,62,혜화동,동물원
1923,62,살다보면,권진원
1924,62,행복을 주는 사람,해바라기
1925,62,어쩌다 마주친 그대,송골매
1926,62,미지의 세계,조용필
1927,62,한바탕 웃음으로,이선희
1928,62,슬픈 인연,Nami (나미)
1929,62,슬픈 표정 하지 말아요,신해철
1930,62,걱정말아요 그대,들국화
1931,62,사랑은 유리같은 것,원준희
1932,62,우리들의 사랑,유재하
1933,62,선글라스 (Feat. 9999 of 1%),칸토
1934,62,이별 이야기,고은희
1935,62,이별이란 없는거야,최성원
1936,62,너는 왜,철이와 미애
1937,62,너 없는 동안,김원준
1938,62,골목길 (응답하라 1988 삽입곡),신촌 블루스
1939,62,환희,정수라
1940,62,기억날 그날이 와도,홍성민
1941,62,향기로운 추억 (응답하라 1988 삽입곡),박학기
1942,62,예정된 시간을 위해,장덕
1943,62,텅 빈 마음,이승환
1944,62,별이 진다네,여행스케치
1945,62,연극이 끝난 후,샤프
1946,62,신(新) 인류의 사랑,015B
1947,62,소녀,오혁
1948,63,꿈에,조덕배
1949,63,천상재회,최진희
1950,63,화려한 날은 가고,유열
1951,63,기억날 그날이 와도,휴먼에이드
1952,63,기억날 그날이 와도,휴먼에이드
1953,63,겨울 장미,이은하
1954,63,꽃비,YB (윤도현 밴드)
1955,63,Lonely Night,권진아
1956,63,내일,김수철
1957,63,젊은 연인들,"민영호,민경식"
1958,63,사랑하기 때문에,유재하
1959,63,조조 할인 (Feat. 이적),이문세
1960,63,VIVA청춘,딕펑스 (DICKPUNKS)
1961,63,기억속으로,이은미
1962,63,사랑한 후에,"전인권, 허성욱"
1963,63,선글라스 (Feat. 9999 of 1%),칸토
1964,63,다시 내게로 돌아와,조관우
1965,63,"사랑, 결코 시들지 않는...",서문탁
1966,63,...라구요,강산에
1967,63,애원,진시몬
1968,63,화장을 고치고,왁스
1969,63,기쁜우리 사랑은,최성수
1970,63,바야야,이정희
1971,63,너는 내 운명,하하
1972,63,너는 내 운명 Sun Together(with 전도연),황정민
1973,63,사랑하기에,이정석
1974,63,슬픈 인연,Nami (나미)
1975,63,그땐 그랬지,카니발
1976,63,세상에 뿌려진 사랑만큼,이승환
1977,63,언젠가는,이상은 (=Lee-tzsche)
1978,63,장미의 미소,우쿨렐레 피크닉
1979,64,선글라스 (Feat. 9999 of 1%),칸토
1980,64,가려진 시간 사이로,윤상
1981,64,Say Yes (Part1),라종민
1982,64,희망사항,변진섭
1983,64,그녀를 만나는 곳 100M 전,이상우
1984,64,벚꽃 엔딩,버스커 버스커
1985,64,인디안인형처럼,Nami (나미)
1986,64,사랑은 늘 도망가,임영웅
1987,64,사랑하는 마음,김세환
1988,64,사랑하는 이에게,"정태춘, 박은옥"
1989,64,꽃밭에서,정훈희
1990,64,라라라,이수영
1991,64,비와 당신 (박중훈 Ver.),방준석
1992,64,나는 너를,정차식
1993,64,봄날은 간다,김윤아
1994,64,선글라스 (Feat. 9999 of 1%),칸토
1995,64,내사랑 울보,전영록
1996,64,내마음의 보석상자,해바라기
1997,64,달의 몰락,김현철
1998,64,어떤이의 꿈,봄여름가을겨울
1999,64,가장무도회,김완선
2000,64,바람 바람 바람,김범룡
2001,64,립스틱 짙게 바르고,임주리
2002,64,암연,고한우
2003,64,멀어져 간 사람아,박상민
2004,64,비오는 날 수채화,"김현식, 강인원, 권인하"
2005,64,미소 속에 비친 그대,신승훈
2006,64,이별여행,원미연
2007,64,하루만,적우
2008,64,나의 옛날이야기,조덕배
2009,64,사랑해요,Simply Sunday
2010,65,선글라스 (Feat. 9999 of 1%),칸토
2011,65,낭만에 대하여,최백호
2012,65,서울의 달,김건모
2013,65,Happy Birthday To You,권진원
2014,65,분홍립스틱,송윤아
2015,65,그녀는 예뻤다,박진영
2016,65,사랑해요 (Inst.),Simply Sunday
2017,65,사랑과 영혼 (Feat. 김태영),클론
2018,65,나를 지켜줘,최선원
2019,65,당신만이,이치현과 벗님들
2020,65,일과 이분의 일,투투
2021,65,3!4!,룰라
2022,65,너를 품에 안으면,컬트
2023,65,첫사랑,나비효과
2024,65,봄날은 간다,김윤아
2025,65,사랑은 봄비처럼...이별은 겨울비처럼...,임현정
2026,65,선글라스 (Feat. 9999 of 1%),칸토
2027,65,Je T'aime,해이
2028,65,그대 내게 행복을 주는 사람,김현철
2029,65,사랑해도 될까요?,유리상자
2030,65,쓸쓸한 연가,사람과 나무
2031,65,이밤을 다시 한 번,조하문
2032,65,"Bravo, My Life!",봄여름가을겨울
2033,65,언제나,허각
2034,65,기억이란 사랑보다,이문세
2035,65,녹턴 (Nocturn),이은미
2036,65,사랑을 위하여,정은지
2037,65,서른 즈음에,김광석
2038,65,혜화동 (혹은 쌍문동),박보람
2039,65,어느 새,장필순
2040,65,다시,이상순
2041,66,선글라스 (Feat. 9999 of 1%),칸토
2042,66,입영열차안에서,김민우
2043,66,로라,변진섭
2044,66,잊지 말아요,최성수
2045,66,유리창엔 비,햇빛촌
2046,66,추억속의 재회,조용필
2047,66,슬픈 표정 하지 말아요,신해철
2048,66,보고싶은 얼굴,민해경
2049,66,기분 좋은 날,김완선
2050,66,바람아 멈추어다오,이지연
2051,66,내 아픔 아시는 당신께,조하문
2052,66,안녕이라고 말하지마,이승철
2053,66,안녕 내사랑,박남정
2054,66,(MR 반주곡) 하얀바람 (소방차),Various Artists
2055,66,영,이선희
2056,66,아름다워라 그대,김종찬
2057,66,모두가 사랑이예요,해바라기
2058,66,선글라스 (Feat. 9999 of 1%),칸토
2059,66,지난날,유재하
2060,66,미소를 띄우며 나를 보낸 그 모습처럼,이은하
2061,66,세월이 가면,최호섭
2062,66,동행,최성수
2063,66,그대 그리고 나,소리새
2064,66,홀로된 사랑,여운
2065,66,짚시여인,이치현과 벗님들
2066,66,골목길,김현식
2067,66,날 울리지마,신승훈
2068,66,담다디,이상은 (=Lee-tzsche)
2069,66,노노노노노,하수빈
2070,66,그대와 함께 (With You),"손지창, 김민종"
2071,66,사랑이라 부를 수 있을까,인공위성
2072,66,칵테일 사랑,마로니에
2073,66,자유시대,모자이크
2074,66,그냥 걸었어,임종환
2075,67,선글라스 (Feat. 9999 of 1%),칸토
2076,67,그대안의 블루,"김현철, 이소라"
2077,67,어떤 그리움,이은미
2078,67,멀어져 간 사람아,박상민
2079,67,마지막 약속,김정민
2080,67,오늘같은 밤이면,박정운
2081,67,Lonely Night,부활
2082,67,나와 같다면,김장훈
2083,67,너를 향한 마음,이승환
2084,67,슬픈 그림같은 사랑,이상우
2085,67,가려진 시간 사이로,윤상
2086,67,마지막 축제,서태지와 아이들
2087,67,날 떠나지마,박진영
2088,67,나만의 친구,솔리드
2089,67,UFO,패닉
2090,67,선글라스 (Feat. 9999 of 1%),칸토
2091,67,환생,윤종신
2092,67,엉뚱한 상상 (White X-Mas를 기다리며),지누
2093,67,네모의 꿈,화이트
2094,67,만남,코요태
2095,67,3!4!,룰라
2096,67,단발머리,015B
2097,67,바다,유피
2098,67,이별 공식,R.ef
2099,67,슬퍼지려 하기 전에,쿨 (COOL)
2100,67,Time,태사자
2101,67,Blue Rain,핑클 (Fin.K.L)
2102,67,"Oh, My Love",S.E.S.
2103,67,커플,젝스키스
2104,67,행복,H.O.T.
2105,67,Happy Hour-꺼벙이의 일기,더 클래식
2106,68,빙글빙글,Nami (나미)
2107,68,불티,전영록
2108,68,사랑은 이제 그만,민해경
2109,68,남남,최성수
2110,68,사랑이 저만치 가네,김종찬
2111,68,홀로 된다는 것,변진섭
2112,68,개똥벌레,신형원
2113,68,가까이하기엔 너무 먼 당신,이광조
2114,68,사랑 사랑 누가 말했나,남궁옥분
2115,68,젊음의 노트,유미리
2116,68,담다디,이상은 (=Lee-tzsche)
2117,68,달빛 창가에서,도시아이들
2118,68,리듬 속의 그 춤을,김완선
2119,68,난 사랑을 아직 몰라,이지연
2120,68,사랑의 불시착,박남정
2121,68,돌아와요 부산항에,조용필
2122,68,아파트,윤수일
2123,68,정말로,현숙
2124,68,나도야 간다,김수철
2125,68,바람 바람 바람 (골든),김범룡
2126,68,사랑의 미로,최진희
2127,68,잊혀진 계절,이용
2128,68,모두가 사랑이예요,해바라기
2129,68,울고 싶어라,사랑과 평화
2130,68,벌써 이 밤이 다 지나고,"김현, 손경호"
2131,68,그녀에게 전해주오,소방차
2132,68,호랑나비,김흥국
2133,68,바람아 멈추어다오,이지연
2134,68,그 누구보다 더,이정현
2135,68,안녕이라고 말하지마,이승철
2136,68,바람에 옷깃이 날리듯,이상우
2137,68,손에 손잡고,Koreana
2138,68,그대에게 (대상),무한궤도
2139,69,선글라스 (Feat. 9999 of 1%),칸토
2140,69,비 오는 날의 수채화,권인하
2141,69,기억 속의 멜로디,오태호
2142,69,햄,김승기
2143,69,아껴둔 사랑을 위해,이주원
2144,69,너를 처음만난 그때,박준하
2145,69,내 마음 깊은 곳의 너,신해철
2146,69,그대가 이 세상에 있는 것만으로,한동준
2147,69,세월의 흔적 다 버리고,015B
2148,69,그리움만 쌓이네,노영심
2149,69,나는 외로움 그대는 그리움,박영미
2150,69,사랑한 후에,"전인권, 허성욱"
2151,69,내 곁에서 떠나가지 말아요,빛과 소금
2152,69,처음 느낌 그대로,이소라
2153,69,선글라스 (Feat. 9999 of 1%),칸토
2154,69,아리송해,이은하
2155,69,사랑하고 싶어,소방차
2156,69,새들처럼,변진섭
2157,69,한바탕 웃음으로,이선희
2158,69,잊지 말아요,최성수
2159,69,존대말을 써야할지 반말로 얘기해야할지,민해경
2160,69,당신은 어디 있나요,양수경
2161,69,정신차려,김수철
2162,69,이별 아닌 이별,이범학
2163,69,오늘같은 밤이면,박정운
2164,69,사랑 느낌,윤익희
2165,69,10년전의 일기를 꺼내어,봄여름가을겨울
2166,69,이 밤이 지나도록,푸른하늘
2167,69,그럴때마다,"윤종신, 이장우, 조규찬, 김연우, 조삼희, 김창원, 유희열"
2168,69,오! 사라,이상우
2169,69,나의 노래,김광석
2170,70,이세상 살아가다 보면,이문세
2171,70,어떤이의 꿈,봄여름가을겨울
2172,70,샴푸의 요정,빛과 소금
2173,70,어느 새,장필순
2174,70,여름밤의 꿈,김현식
2175,70,나뭇잎 사이로,조동진
2176,70,백구,양희은
2177,70,오솔길,라나에로스포
2178,70,오솔길,라나에로스포
2179,70,조약돌,박상규
2180,70,터,신형원
2181,70,보이네,Nami (나미)
2182,70,진짜진짜 좋아해,혜은이
2183,70,님 떠난 후,현이와 덕이
2184,70,밤차,이은하
2185,70,불티,전영록
2186,70,세상만사,송골매
2187,70,그녀를 만나는 곳 100M 전,이상우
2188,70,바람이 불어오는 곳,김광석
2189,70,행복을 주는 사람,해바라기
2190,70,개구장이 (1979),산울림
2191,70,난 아니야,조용필
2192,70,내일,김수철
2193,70,모닥불,박인희
2194,70,갯바위,한마음
2195,70,참새의 하루,송창식
2196,70,꽃밭에서,정훈희
2197,70,그댄 봄비를 무척 좋아하나요,배따라기
2198,70,사랑의 진실,어니언스
2199,70,이름 모를 소녀,김정호
2200,70,돌아가는 삼각지,배호
2201,70,맨발의 청춘,최희준
2202,70,흙에 살리라,홍세민
2203,70,사랑하는 마음,김세환
2204,70,바라볼 수 없는 그대,양수경
2205,71,선글라스 (Feat. 9999 of 1%),칸토
2206,71,옛 사랑,이문세
2207,71,여전히 아름다운지,김연우
2208,71,널 사랑하겠어,동물원
2209,71,우리의 밤은 당신의 낮보다 아름답다,코나
2210,71,회상 (December),터보
2211,71,산다는 건 다 그런게 아니겠니,여행스케치
2212,71,To Heaven (천국으로 보낸 편지),조성모
2213,71,그때 또 다시 (Again),임창정
2214,71,이 밤의 끝을 잡고,솔리드
2215,71,재즈 카페,신해철
2216,71,미소 속에 비친 그대,신승훈
2217,71,추억속의 그대,황치훈
2218,71,이별의 그늘,윤상
2219,71,행복한 나를,에코
2220,71,선글라스 (Feat. 9999 of 1%),칸토
2221,71,너 없는 동안,김원준
2222,71,천생연분,솔리드
2223,71,난 멈추지 않는다,잼
2224,71,질투,유승범
2225,71,슬퍼지려 하기 전에,쿨 (COOL)
2226,71,내 눈물 모아,서지원
2227,71,빛 (Hope),H.O.T.
2228,71,달팽이,패닉
2229,71,언젠가는,이상은 (=Lee-tzsche)
2230,71,산골 소년의 사랑이야기,예민
2231,71,사랑은 유리같은 것,원준희
2232,71,인형의 꿈,일기예보
2233,71,날 위한 이별,김혜림
2234,71,사랑일뿐야,김민우
2235,71,강(江),패닉
2236,72,너만을 느끼며,더 블루
2237,72,종로에서,오월
2238,72,가질수 없는 너,뱅크
2239,72,그 겨울의 찻집,조용필
2240,72,난 아직 모르잖아요,이문세
2241,72,처음 느낌 그대로,이소라
2242,72,나의 거리,이선희
2243,72,그대 떠나는 날 비가 오는가,산울림
2244,72,하늘만 허락한 사랑,엄정화
2245,72,왜 그래,김현철
2246,72,여우야(女雨夜),더 클래식
2247,72,사랑의 썰물,임지훈
2248,72,희나리,구창모
2249,72,사랑하기 때문에,유재하
2250,72,선글라스 (Feat. 9999 of 1%),칸토
2251,72,너에게 원한건,노이즈
2252,72,아주 오래된 연인들,015B
2253,72,내가 너의 곁에 잠시 살았다는 걸,"토이, 김연우"
2254,72,안녕이라고 말하지마,이승철
2255,72,너를 사랑해,한동준
2256,72,오래전 그날,윤종신
2257,72,바라볼 수 없는 그대,양수경
2258,72,희야,부활
2259,72,거리에서,김광석
2260,72,내게 남은 사랑을 드릴께요,장혜리
2261,72,칵테일 사랑,마로니에
2262,72,이 밤이 지나면,임재범
2263,72,좋은 날,이승환
2264,72,내사랑 내곁에 (응답하라 1988 삽입곡),김현식
2265,73,선글라스 (Feat. 9999 of 1%),칸토
2266,73,인디안인형처럼,Nami (나미)
2267,73,기쁜우리 사랑은,최성수
2268,73,혜화동,동물원
2269,73,너에게로 또 다시,변진섭
2270,73,난 아직 모르잖아요,이문세
2271,73,무정 부르스,강승모
2272,73,내 아픔 아시는 당신께,조하문
2273,73,사랑으로,해바라기
2274,73,제주도의 푸른밤,최성원
2275,73,Q,조용필
2276,73,나의 노래,김광석
2277,73,동네 ('응답하라 1988' 삽입곡),김현철
2278,73,마지막 콘서트,이승철
2279,73,추억의 책장을 넘기면,이선희
2280,73,선글라스 (Feat. 9999 of 1%),칸토
2281,73,슬픈 인연,015B
2282,73,인형의 꿈,일기예보
2283,73,보이지 않는 사랑,신승훈
2284,73,너를 사랑하고도,전유나
2285,73,슬픈 언약식,김정민
2286,73,나와 같다면,김장훈
2287,73,사랑할수록,부활
2288,73,영원히 내게,안상수
2289,73,내 남은 사랑을 위해,홍경민
2290,73,옛 이야기,김규민
2291,73,이별 아닌 이별,이범학
2292,73,먼 훗날,박정운
2293,73,예정된 시간을 위해,장덕
2294,73,사랑하기에,이정석
2295,74,선글라스 (Feat. 9999 of 1%),칸토
2296,74,사랑이 저만치 가네,김종찬
2297,74,향기로운 추억 (응답하라 1988 삽입곡),박학기
2298,74,묻어버린 아픔,김동환
2299,74,널 그리며,박남정
2300,74,소녀시대,이승철
2301,74,사랑은 창밖에 빗물같아요,양수경
2302,74,슬픈 바다,조정현
2303,74,화려한 날은 가고,유열
2304,74,여름날의 추억,이정석
2305,74,사랑할꺼야,이상은 (=Lee-tzsche)
2306,74,"돌고, 돌고, 돌고",전인권
2307,74,골목길,김현식
2308,74,어떤이의 꿈,봄여름가을겨울
2309,74,기차와 소나무,이규석
2310,74,새들처럼,변진섭
2311,74,선글라스 (Feat. 9999 of 1%),칸토
2312,74,한번만 더,박성신
2313,74,가로수 그늘아래 서면,이문세
2314,74,우리 앞의 생이 끝나갈 때,무한궤도
2315,74,지난날,유재하
2316,74,기다린 날도 지워질 날도,이승환
2317,74,꼬마야,김창완
2318,74,슬픈 안녕,이지연
2319,74,마음에 쓰는 편지,임백천
2320,74,바람아 멈추어다오,이지연
2321,74,만남,노사연
2322,74,그대 모습은 장미,민해경
2323,74,한바탕 웃음으로,이선희
2324,74,사랑하고 싶어,소방차
2325,74,나만의 것,김완선
2326,74,자꾸 서성이게 돼,박학기
2327,75,선글라스 (Feat. 9999 of 1%),칸토
2328,75,타타타,김국환
2329,75,남남,최성수
2330,75,그 겨울의 찻집,조용필
2331,75,당신,김정수
2332,75,낭만에 대하여,최백호
2333,75,서울탱고,방실이
2334,75,환희,정수라
2335,75,영원한 친구,Nami (나미)
2336,75,황홀한 고백,윤수일
2337,75,너나 좋아해 나너 좋아해,현이와 덕이
2338,75,새벽 아침,수와 진
2339,75,님은 먼 곳에,김추자
2340,75,바람난 천사,김종환
2341,75,그저 바라볼 수만 있어도,유익종
2342,75,멍에,김수희
2343,75,여러분,윤복희
2344,75,선글라스 (Feat. 9999 of 1%),칸토
2345,75,세월이 가면,최호섭
2346,75,바보같은 미소,조갑경
2347,75,저녁놀,전영록
2348,75,그대는 인형처럼 웃고 있지만,민해경
2349,75,짚시여인,이치현과 벗님들
2350,75,텔레파시,도시아이들
2351,75,나 항상 그대를,이선희
2352,75,너무 늦었잖아요,변진섭
2353,75,그 아픔까지 사랑한거야,조정현
2354,75,아! 바람이여,박남정
2355,75,눈물나는 날에는,푸른하늘
2356,75,물안개,석미경
2357,75,추억속의 그대,황치훈
2358,75,슬퍼지는 내 모습,양홍섭
2359,75,난 아직도 널 (대상),작품 하나
2360,75,외롭지만 혼자 걸을 수 있어,봄여름가을겨울
2361,76,나를 용서해,킵식스 (Keep Six)
2362,76,별(別),팀
2363,76,달의 몰락,김현철
2364,76,혼자만의 사랑,김태영
2365,76,그냥 걸었어,임종환
2366,76,그대 눈물까지도,투투
2367,76,너에게,서태지와 아이들
2368,76,서시,신성우
2369,76,낭만에 대하여,최백호
2370,76,비나리,심수봉
2371,76,애모,김수희
2372,76,...라구요,강산에
2373,76,대답 없는 너,김종서
2374,76,오늘같은 밤이면,박정운
2375,76,언제나 그 자리에,신효범
2376,76,그 후로 오랫동안,신승훈
2377,76,내사랑 내곁에 (응답하라 1988 삽입곡),김현식
2378,76,하룻밤의 꿈,이상우
2379,76,마지막 콘서트,이승철
2380,76,너에게 원한건,노이즈
2381,76,느낌만으로,박지원
2382,76,마법의 성,더 클래식
2383,76,나와 같다면,김장훈
2384,76,달팽이,패닉
2385,76,흩어진 나날들,강수지
2386,76,너에게 들려주고 싶은 이야기,015B
2387,76,살다보면,권진원
2388,76,난 널 사랑해,신효범
2389,76,내가 아는 한가지,이덕진
2390,77,내 낡은 서랍 속의 바다,패닉
2391,77,거꾸로 강을 거슬러 오르는 저 힘찬 연어들처럼,강산에
2392,77,바람의 노래,조용필
2393,77,"우리 사랑 이대로 (Duet With 이혜진) (영화 ""연풍연가"" 주제곡)",주영훈
2394,77,난 아직 모르잖아요,이문세
2395,77,백만송이 장미,심수봉
2396,77,난 행복해,이소라
2397,77,기억의 습작,전람회
2398,77,슬픈 언약식,김정민
2399,77,준비 없는 이별,녹색지대
2400,77,가려진 시간 사이로,윤상
2401,77,그리움으로 지는 너,코코
2402,77,바람난 천사,김종환
2403,77,넌 언제나,모노
2404,77,회상 (December),터보
2405,77,너의 뒤에서,박진영
2406,77,남겨진 시간을 위하여,장혜리
2407,77,너무 아픈 사랑은 사랑이 아니었음을,김광석
2408,77,슬픈 얼굴,A.R.T
2409,77,타인,영턱스클럽
2410,77,7년간의 사랑,화이트
2411,77,내가 날 버린 이유,베이시스
2412,77,영원히 내게,안상수
2413,77,그 아픔까지 사랑한거야,조정현
2414,77,사랑일뿐야,김민우
2415,77,너에게로 또 다시,변진섭
2416,77,시청 앞 지하철 역에서,동물원
2417,78,1994년 어느 늦은 밤,장혜진
2418,78,여전히 아름다운지,김연우
2419,78,편지,김광진
2420,78,행복한 나를,에코
2421,78,늦은 후회,보보
2422,78,인형의 꿈,일기예보
2423,78,또 다른 만남을 위해,김민종
2424,78,To Heaven (천국으로 보낸 편지),조성모
2425,78,그 후로 오랫동안,신승훈
2426,78,사랑한 후에,신성우
2427,78,시작되는 연인들을 위해,이원진
2428,78,시작,박기영
2429,78,내게 다시,더더 (THETHE)
2430,78,결혼해줘,임창정
2431,78,난 아직 모르잖아요,이문세
2432,78,중독된 사랑,조장혁
2433,78,사랑할수록,부활
2434,78,비(悲)의 Rhapsody,최재훈
2435,78,사랑 합니다 - (MR),Various Artists
2436,78,내 곁에서 떠나가지 말아요,빛과 소금
2437,78,잊지 말기로 해,이소라
2438,78,당신은 천사와 커피를 마셔본 적이 있습니까,김성호
2439,78,너의 의미,산울림
2440,78,화려하지 않은 고백,이승환
2441,78,별이 진다네,여행스케치
2442,78,비오는 거리,이승훈
2443,78,사랑이라는 이유로,조 트리오
2444,78,그땐 그랬지,카니발
2445,79,한바탕 웃음으로,이선희
2446,79,잠도 오지 않는 밤에,이승철
2447,79,오늘같은 밤이면,박정운
2448,79,예정된 시간을 위해,장덕
2449,79,세상이 그대를 속일지라도,김장훈
2450,79,서시,신성우
2451,79,난 널 사랑해,신효범
2452,79,멀어져 간 사람아,박상민
2453,79,꿈결같은 세상,송시현
2454,79,슬픈 계절에 만나요,백영규
2455,79,슬픈 표정 하지 말아요,신해철
2456,79,나의 하루,박정현
2457,79,루비(淚悲):슬픈 눈물,핑클 (Fin.K.L)
2458,79,칵테일 사랑,마로니에
2459,79,바람아 멈추어다오,이지연
2460,79,선글라스 (Feat. 9999 of 1%),칸토
2461,79,누구보다 널 사랑해,비쥬
2462,79,커플,젝스키스
2463,79,언젠가는,이상은 (=Lee-tzsche)
2464,79,귀로 (은상),박선주 (Pak Sun Zoo)
2465,79,나만의 슬픔,김돈규
2466,79,나를 슬프게 하는 사람들,김경호
2467,79,발걸음,에메랄드 캐슬
2468,79,너를 사랑하고도,전유나
2469,79,당신은 어디 있나요 (2016 Ver.),양수경
2470,79,타인,영턱스클럽
2471,79,눈물,리아
2472,79,슬픈 언약식,김정민
2473,79,사랑했나봐,윤도현
2474,79,천일동안,이승환
2475,80,선글라스 (Feat. 9999 of 1%),칸토
2476,80,그리움만 쌓이네,여진
2477,80,고마워요,임현정
2478,80,내게 남은 사랑을 드릴께요,장혜리
2479,80,사랑은 창밖에 빗물같아요,양수경
2480,80,붉은 노을,이문세
2481,80,단발머리,조용필
2482,80,희망사항,변진섭
2483,80,아파트,윤수일
2484,80,그 아픔까지 사랑한 거야,조정현
2485,80,너를 향한 마음,이승환
2486,80,취중진담(醉中眞談),전람회
2487,80,너의 결혼식,윤종신
2488,80,아마도 그건,최용준
2489,80,후회 없는 사랑,포지션
2490,80,슬프도록 아름다운 ...,K2 김성면
2491,80,선글라스 (Feat. 9999 of 1%),칸토
2492,80,널 위한 거야,미스 미스터
2493,80,슬픔속에 그댈 지워야만 해,이현우
2494,80,이 밤의 끝을 잡고,솔리드
2495,80,애송이의 사랑,양파
2496,80,화장을 고치고,왁스
2497,80,보고 싶다,김범수
2498,80,아름다운 날들,장혜진
2499,80,사랑하기 때문에,유재하
2500,80,이젠 그랬으면 좋겠네,조용필
2501,80,세월이 가면,최호섭
2502,80,사랑은 받는것이 아니라면서,해오라기
2503,80,그대 먼곳에,마음과 마음
2504,80,유리창엔 비,햇빛촌
2505,80,가을사랑,신계행
2506,81,나의 외로움이 널 부를 때,장필순
2507,81,시청 앞 지하철 역에서,동물원
2508,81,흐린 가을 하늘에 편지를 써,김광석
2509,81,내가 만일,안치환
2510,81,백구,양희은
2511,81,담배가게 아가씨,송창식
2512,81,행복의 나라로,한대수
2513,81,아쉬움,신촌 블루스
2514,81,한잔의 추억,이장희
2515,81,그런 날에는,어떤날
2516,81,제비꽃,조동진
2517,81,사랑일기,시인과 촌장
2518,81,행복을 주는 사람,해바라기
2519,81,그녀가 처음 울던 날,이정선
2520,81,세계로 가는 기차,들국화
2521,81,나도야 간다,김수철
2522,81,산다는건 다 그런게 아니겠니,여행스케치
2523,81,살다보면,권진원
2524,81,향기로운 추억 (응답하라 1988 삽입곡),박학기
2525,81,비처럼 음악처럼,김현식
2526,81,가까이하기엔 너무 먼 당신,이광조
2527,81,아쉬움,신촌 블루스
2528,81,누구없소?,한영애
2529,81,목화밭,하사와 병장
2530,81,외할머니 댁,논두렁 밭두렁
2531,81,기차와 소나무,이규석
2532,81,웨딩 케이크,트윈 폴리오
2533,81,처녀 뱃사공,금과은
2534,81,저 별과 달을,어니언스
2535,81,찻잔,노고지리
2536,82,선글라스 (Feat. 9999 of 1%),칸토
2537,82,샴푸의 요정,빛과 소금
2538,82,오랜만에,김현철
2539,82,처음 그 느낌처럼,신승훈
2540,82,담다디,이상은 (=Lee-tzsche)
2541,82,아무도,패닉
2542,82,그럴때마다,"윤종신, 이장우, 조규찬, 김연우, 조삼희, 김창원, 유희열"
2543,82,우리,전람회
2544,82,오래전 그날,윤종신
2545,82,오늘같은 밤이면,박정운
2546,82,이 밤이 지나면,임재범
2547,82,여우야(女雨夜),더 클래식
2548,82,거꾸로 강을 거슬러 오르는 저 힘찬 연어들처럼,강산에
2549,82,좋아 좋아,일기예보
2550,82,별이 진다네,여행스케치
2551,82,선글라스 (Feat. 9999 of 1%),칸토
2552,82,이 밤의 끝을 잡고,솔리드
2553,82,상심 (Remix),R.ef
2554,82,Remember (그녀의 속눈썹은 길다),DJ DOC
2555,82,헤어진 다음날,이현우
2556,82,('Cause) I'm Your Girl,S.E.S.
2557,82,루비(淚悲):슬픈 눈물,핑클 (Fin.K.L)
2558,82,Everybody,진주
2559,82,그때 또 다시 (Again),임창정
2560,82,첫사랑,송시현
2561,82,애송이의 사랑,양파
2562,82,우리의 밤은 당신의 낮보다 아름답다,코나
2563,82,내 눈물 모아,서지원
2564,82,날 위한 이별,김혜림
2565,82,먼지가 되어,이윤수
2566,82,가리워진 길,유재하
2567,83,사랑의 대화,이정석
2568,83,새들처럼,변진섭
2569,83,마지막 이별속에서,이준
2570,83,졸업,이지연
2571,83,사랑하고 싶어,이승철
2572,83,동네 ('응답하라 1988' 삽입곡),김현철
2573,83,화려한 날은 가고,유열
2574,83,기쁜우리 사랑은,최성수
2575,83,제주도의 푸른밤,최성원
2576,83,그 아픔까지 사랑한거야,조정현
2577,83,한바탕 웃음으로,이선희
2578,83,어떤이의 꿈,봄여름가을겨울
2579,83,기분 좋은 날,김완선
2580,83,사랑하고 싶어,소방차
2581,83,추억속의 그대,황치훈
2582,83,선글라스 (Feat. 9999 of 1%),칸토
2583,83,가로수 그늘아래 서면,이문세
2584,83,우리들이 함께 있는 밤,오석준
2585,83,눈물나는 날에는,푸른하늘
2586,83,아름다워라 그대,김종찬
2587,83,골목길 (응답하라 1988 삽입곡),신촌 블루스
2588,83,조율,한영애
2589,83,오늘같은 밤이면,박정운
2590,83,어느 새,장필순
2591,83,지난날,유재하
2592,83,꼬마야,김창완
2593,83,이층에서 본 거리,다섯손가락
2594,83,모나리자,조용필
2595,83,새벽 아침,수와 진
2596,84,젊은 그대,김수철
2597,84,바람 바람 바람 (골든),김범룡
2598,84,어젯밤 이야기,소방차
2599,84,젊음의 노트,유미리
2600,84,열정,혜은이
2601,84,촛불잔치,이재성
2602,84,"어제, 오늘, 그리고",조용필
2603,84,바다에 누워,높은음자리
2604,84,희야,부활
2605,84,그것만이 내세상,들국화
2606,84,내사랑 내곁에 (응답하라 1988 삽입곡),김현식
2607,84,세월이 가면,최호섭
2608,84,묻어버린 아픔,김동환
2609,84,사랑이 저만치 가네,김종찬
2610,84,슬픈 그림같은 사랑,이상우
2611,84,선글라스 (Feat. 9999 of 1%),칸토
2612,84,바라볼 수 없는 그대 (2016 Ver.),양수경
2613,84,나 항상 그대를,이선희
2614,84,바람아 멈추어다오,이지연
2615,84,사랑은 언제나 그 자리에,해바라기
2616,84,너를 사랑하고도,전유나
2617,84,유리창엔 비,햇빛촌
2618,84,한번만 더,박성신
2619,84,그대 모습은 장미,민해경
2620,84,이밤을 다시 한 번,조하문
2621,84,늦지않았음을,송재호
2622,84,바보같은 미소,조갑경
2623,84,내게로,장혜진
2624,84,햄,김승기
2625,84,휴식같은 친구,김민우
2626,85,내가 (대상),"김학래, 임철우"
2627,85,창문너머 어렴풋이 옛 생각이 나겠지요,산울림
2628,85,창밖의 여자,조용필
2629,85,고목,윤시내
2630,85,바야야,이정희
2631,85,당신은 누구시길래,심수봉
2632,85,사랑이야,양희은
2633,85,누구의 노래일까,민해경
2634,85,누구의 노래일까,민해경
2635,85,봄 여름 가을 겨울,김현식
2636,85,꿈을 먹는 젊은이,남궁옥분
2637,85,실비 오는 소리에,이영화
2638,85,아직도 못다한 사랑,솔개 트리오
2639,85,옛시인의노래,한경애
2640,85,겨울아이,이종용
2641,85,찻잔,노고지리
2642,85,해야,마그마
2643,85,선글라스 (Feat. 9999 of 1%),칸토
2644,85,나 어떡해,샌드 페블즈
2645,85,사랑,나훈아
2646,85,내 마음 당신곁으로,김정수
2647,85,모두 다 사랑하리,송골매
2648,85,백지로 보낸 편지,김태정
2649,85,참새와 허수아비,조정희
2650,85,잊지는 말아야지,백영규
2651,85,잊지는 말아야지,물레방아
2652,85,잃어버린 우산,우순실
2653,85,그댄 봄비를 무척 좋아하나요,배따라기
2654,85,J 에게 (대상),"이선희, 임성균"
2655,85,갯바위,한마음
2656,85,민들레 홀씨되어,박미경
2657,85,무정 부르스,강승모
2658,85,님그림자,노사연
2659,85,우리는,송창식
2660,85,난 아직 모르잖아요,이문세
2661,86,노노노노노,하수빈
2662,86,종이학,전영록
2663,86,님은 먼 곳에,김추자
2664,86,그대여 안녕히,김트리오
2665,86,작은 새,어니언스
2666,86,빗물,채은옥
2667,86,정,아도니스
2668,86,내일을 기다려,박강성
2669,86,제비,홍성모
2670,86,젊은 연인들,"민영호,민경식"
2671,86,바위섬,김원중
2672,86,개똥벌레,신형원
2673,86,행복이란,조경수
2674,86,행복이란,조경수
2675,86,선글라스 (Feat. 9999 of 1%),칸토
2676,86,연가,은희
2677,86,그때 그 사람,심수봉
2678,86,바보처럼 살았군요,이종용
2679,86,당신만이,이치현과 벗님들
2680,86,숙녀에게,변진섭
2681,86,그대 발길 머무는 곳에,조용필
2682,86,별이여 사랑이여,사랑의 하모니
2683,86,저 높은 곳을 향하여,이영화
2684,86,빙글빙글,Nami (나미)
2685,86,이젠 잊기로 해요,김완선
2686,86,오늘밤 내게,장은아
2687,86,하얀 민들레,진미령
2688,86,지금,조영남
2689,86,사랑의 바람,이광조
2690,86,난 아직 모르잖아요,이문세
2691,86,우린 너무 쉽게 헤어졌어요,최진희
2692,87,선글라스 (Feat. 9999 of 1%),칸토
2693,87,춘천 가는 기차,김현철
2694,87,나에게로의 초대,정경화
2695,87,내가 날 버린 이유,베이시스
2696,87,날아라 병아리,넥스트
2697,87,취중진담(醉中眞談),전람회
2698,87,그 후로 오랫동안,신승훈
2699,87,기억속으로,이은미
2700,87,칵테일 사랑,마로니에
2701,87,나는 문제없어,황규영
2702,87,마법의 성,더 클래식
2703,87,내가 만일,안치환
2704,87,W.H.I.T.E.,화이트
2705,87,이브의 경고,박미경
2706,87,날개,언타이틀
2707,87,선글라스 (Feat. 9999 of 1%),칸토
2708,87,늘 지금처럼,이예린
2709,87,조조 할인 (Feat. 이적),이문세
2710,87,그녀는 예뻤다,박진영
2711,87,오늘도 난,이승철
2712,87,늑대와 함께 춤을,임창정
2713,87,비밀은 없어,룰라
2714,87,슬퍼지려 하기 전에,쿨 (COOL)
2715,87,천생연분,솔리드
2716,87,이별 공식,R.ef
2717,87,살다보면,권진원
2718,87,시청 앞 지하철 역에서,동물원
2719,87,시작되는 연인들을 위해,이원진
2720,87,내가 지켜줄께,녹색지대
2721,87,하늘만 허락한 사랑,엄정화
2722,87,기다리다,패닉
2723,88,선글라스 (Feat. 9999 of 1%),칸토
2724,88,어느 소녀의 사랑이야기,민해경
2725,88,빗물,송골매
2726,88,나에게도 사랑이,함중아와 양키스
2727,88,꿈의 대화,이범용
2728,88,노래하며 춤추며,계은숙
2729,88,빙글빙글,Nami (나미)
2730,88,담배가게 아가씨,송창식
2731,88,꿈에,조덕배
2732,88,Q,조용필
2733,88,내사랑 내곁에 (응답하라 1988 삽입곡),김현식
2734,88,가로수 그늘아래 서면,이문세
2735,88,행복한 사람,조동진
2736,88,어머니와 고등어,김창완
2737,88,영,이선희
2738,88,내일이 찾아오면,박정운
2739,88,선글라스 (Feat. 9999 of 1%),칸토
2740,88,고귀한 선물,장은아
2741,88,내일로 가는 우리들,함현숙
2742,88,어디쯤가고있을까,전영
2743,88,물안개,석미경
2744,88,매일 매일 기다려,티삼스
2745,88,크게 라디오를 켜고,시나위
2746,88,달빛 창가에서,도시아이들
2747,88,풀잎사랑,최성수
2748,88,그대 내게 다시,변진섭
2749,88,사랑한후에 (응답하라 1988 삽입곡),전인권
2750,88,혼자만의 사랑,김태영
2751,88,처음 느낌 그대로,이소라
2752,88,너를 사랑해,한동준
2753,88,너의 마음을 내게 준다면,최연제
2754,88,행복한 나를,에코
2755,89,선글라스 (Feat. 9999 of 1%),칸토
2756,89,달팽이,패닉
2757,89,기억의 습작,전람회
2758,89,가질수 없는 너,뱅크
2759,89,너를 보내고,YB (윤도현 밴드)
2760,89,발걸음,에메랄드 캐슬
2761,89,고백,델리스파이스
2762,89,이 밤이 지나면,임재범
2763,89,그대에게 (대상),무한궤도
2764,89,아름다운 구속,김종서
2765,89,난 그래,리아
2766,89,헤이 헤이 헤이,하은
2767,89,덩크 슛,이승환
2768,89,날개 잃은 천사,룰라
2769,89,다시 만나 줘,업타운
2770,89,선글라스 (Feat. 9999 of 1%),칸토
2771,89,Show,김원준
2772,89,그래,디바
2773,89,일과 이분의 일,투투
2774,89,상상속의 너,노이즈
2775,89,Aspirin (아스피린) (12 String Guitar Ver.),걸
2776,89,포기하지 마,성진우
2777,89,날 떠나지마,박진영
2778,89,Twist King,터보
2779,89,숨은 그림 찾기,엄정화
2780,89,말하자면,김성재
2781,89,책임져,언타이틀
2782,89,환생,윤종신
2783,89,좋아 좋아,일기예보
2784,89,Candy,H.O.T.
2785,89,Gasoline (English Ver.),지누션
2786,89,1tym,원타임
2787,90,선글라스 (Feat. 9999 of 1%),칸토
2788,90,내나이 마흔 살에는,양희은
2789,90,하숙생,최희준
2790,90,하얀 나비,김정호
2791,90,학창시절,은희
2792,90,당신의 모든 것을,원프러스원
2793,90,모모(A),김만준
2794,90,그대 없이는 못살아,패티김
2795,90,나는 행복한 사람,이문세
2796,90,임이 오는 소리,Toi Et Moi
2797,90,사랑해,라나에로스포
2798,90,그건 너,이장희
2799,90,기도,홍삼트리오
2800,90,사랑 그 아름답고 소중한 얘기들 (CF - 포스코 For happiness 편),배철수
2801,90,길가에 앉아서,김세환
2802,90,나는 행복합니다,윤항기
2803,90,시골길,임성훈
2804,90,밤 배,둘 다섯
2805,90,편지,어니언스
2806,90,맨처음 고백,송창식
2807,91,선글라스 (Feat. 9999 of 1%),칸토
2808,91,동행,최성수
2809,91,그대 그리고 나,소리새
2810,91,"바람, 바람, 바람",김범룡
2811,91,물안개,석미경
2812,91,사랑은 창밖에 빗물같아요,양수경
2813,91,사랑의 썰물,임지훈
2814,91,모란동백,김덕환
2815,91,모란 동백 (Cover Ver.),"박경훈, 해야"
2816,91,모란동백,박부도김
2817,91,촛불켜는 밤,양하영
2818,91,이별이란 없는거야 (응답하라 1988 삽입곡),최성원
2819,91,묻어버린 아픔,김동환
2820,91,슬픈 인연,Nami (나미)
2821,91,이별 아닌 이별,이범학
2822,91,내게 남은 사랑을 드릴께요,장혜리
2823,91,세월이 가면,최호섭
2824,91,아니 벌써,산울림
2825,91,선글라스 (Feat. 9999 of 1%),칸토
2826,91,내일을 향해,신성우
2827,91,대답 없는 너,김종서
2828,91,내 마음 알겠니,강수지
2829,91,먼 훗날,박정운
2830,91,먼지가 되어,이윤수
2831,91,꿈,이현우
2832,91,세상에 뿌려진 사랑만큼,이승환
2833,91,동숭로에서,마로니에
2834,91,산다는게 뭔지,이진관
2835,91,소녀시대,이승철
2836,91,보고싶은 얼굴,민해경
2837,91,새벽비,혜은이
2838,91,삐에로는 우릴 보고 웃지,김완선
2839,91,이젠 떠나가볼까,김혜림
2840,91,그대 슬픔까지 사랑해,심신
2841,92,선글라스 (Feat. 9999 of 1%),칸토
2842,92,네게 줄수 있는건 오직 사랑뿐,변진섭
2843,92,안녕이라고 말하지마,이승철
2844,92,내 아픔 아시는 당신께,조하문
2845,92,환희,정수라
2846,92,사랑할꺼야,이상은 (=Lee-tzsche)
2847,92,널 그리며,박남정
2848,92,갈무리,나훈아
2849,92,감수광,혜은이
2850,92,그대품에 잠들었으면,박정수
2851,92,사랑일뿐야,김민우
2852,92,샴푸의 요정,빛과 소금
2853,92,소중한 너 (Duet With 조규찬),박선주 (Pak Sun Zoo)
2854,92,웃어요,오석준
2855,92,프란다스의 개,이오공감
2856,92,그녀의 웃음소리뿐,이문세
2857,92,선글라스 (Feat. 9999 of 1%),칸토
2858,92,아름다워,윤수일밴드
2859,92,오랜만에,김현철
2860,92,너에게,서태지와 아이들
2861,92,난 멈추지 않는다,잼
2862,92,텔레파시,도시아이들
2863,92,로미오 & 줄리엣,신승훈
2864,92,걸어서 하늘까지,장현철
2865,92,질투,유승범
2866,92,너에게 원한건,노이즈
2867,92,자유시대,모자이크
2868,92,"서울, 이곳은",장철웅
2869,92,멀어져 간 사람아,박상민
2870,92,난 널 사랑해,신효범
2871,92,사랑할수록,부활
2872,92,난 아직도 널,작품 하나
2873,93,기차와 소나무,이규석
2874,93,널 사랑하겠어,동물원
2875,93,예정된 시간을 위해,장덕
2876,93,내사랑 투유,조갑경
2877,93,이별여행,원미연
2878,93,사랑했지만,김광석
2879,93,너에게 들려주고 싶은 이야기,015B
2880,93,친구에게,김민우
2881,93,갈색추억,한혜진
2882,93,디디디,김혜림
2883,93,바라볼 수 없는 그대,양수경
2884,93,나 항상 그대를,이선희
2885,93,세상 가장 밝은 곳에서 가장 빛나는 목소리로,유익종
2886,93,사랑이 저만치 가네,김종찬
2887,93,김성호의 회상,김성호
2888,93,흩어진 나날들,강수지
2889,93,선글라스 (Feat. 9999 of 1%),칸토
2890,93,희나리,구창모
2891,93,못다핀 꽃 한 송이,김수철
2892,93,참새와 허수아비,조정희
2893,93,가을을 남기고 간 사랑,패티김
2894,93,우리는,송창식
2895,93,사랑이여!,유심초
2896,93,파초,수와 진
2897,93,기타 하나 동전 한닢,이재성
2898,93,하늘색 꿈,Locust
2899,93,솔개,이태원
2900,93,목로 주점,이연실
2901,93,아버지의 의자,정수라
2902,93,내일이 찾아와도,서울패밀리
2903,93,이밤을 다시 한 번,조하문
2904,93,그날,김연숙
2905,93,마지막 그 아쉬움은 기나긴 시간 속에 묻어둔채,푸른하늘
2906,94,선글라스 (Feat. 9999 of 1%),칸토
2907,94,이젠 잊기로 해요,김완선
2908,94,사랑할꺼야,이상은 (=Lee-tzsche)
2909,94,남자는 여자를 귀찮게 해,문주란
2910,94,나의 옛날이야기,조덕배
2911,94,혜화동,동물원
2912,94,살다보면,권진원
2913,94,행복을 주는 사람,해바라기
2914,94,어쩌다 마주친 그대,송골매
2915,94,미지의 세계,조용필
2916,94,한바탕 웃음으로,이선희
2917,94,슬픈 인연,Nami (나미)
2918,94,슬픈 표정 하지 말아요,신해철
2919,94,걱정말아요 그대,들국화
2920,94,사랑은 유리같은 것,원준희
2921,94,우리들의 사랑,유재하
2922,94,선글라스 (Feat. 9999 of 1%),칸토
2923,94,이별 이야기,고은희
2924,94,이별이란 없는거야,최성원
2925,94,너는 왜,철이와 미애
2926,94,너 없는 동안,김원준
2927,94,골목길,김현식
2928,94,환희,정수라
2929,94,기억날 그날이 와도,홍성민
2930,94,향기로운 추억 (응답하라 1988 삽입곡),박학기
2931,94,예정된 시간을 위해,장덕
2932,94,텅 빈 마음,이승환
2933,94,별이 진다네,여행스케치
2934,94,연극이 끝난 후,샤프
2935,94,신(新) 인류의 사랑,015B
2936,94,소녀,오혁
2937,95,선글라스 (Feat. 9999 of 1%),칸토
2938,95,꿈에,조덕배
2939,95,천상재회,최진희
2940,95,화려한 날은 가고,유열
2941,95,기억날 그날이 와도,휴먼에이드
2942,95,겨울 장미,이은하
2943,95,꽃비,YB (윤도현 밴드)
2944,95,Lonely Night,권진아
2945,95,내일,김수철
2946,95,젊은 연인들,"민영호,민경식"
2947,95,사랑하기 때문에,유재하
2948,95,조조 할인 (Feat. 이적),이문세
2949,95,VIVA청춘,딕펑스 (DICKPUNKS)
2950,95,기억속으로,이은미
2951,95,사랑한 후에,"전인권, 허성욱"
2952,95,선글라스 (Feat. 9999 of 1%),칸토
2953,95,다시 내게로 돌아와,조관우
2954,95,"사랑, 결코 시들지 않는...",서문탁
2955,95,...라구요,강산에
2956,95,애원,진시몬
2957,95,화장을 고치고,왁스
2958,95,기쁜우리 사랑은,최성수
2959,95,바야야,이정희
2960,95,너는 내 운명,하하
2961,95,너는 내 운명 Sun Together(with 전도연),황정민
2962,95,사랑하기에,이정석
2963,95,슬픈 인연,Nami (나미)
2964,95,그땐 그랬지,카니발
2965,95,세상에 뿌려진 사랑만큼,이승환
2966,95,언젠가는,이상은 (=Lee-tzsche)
2967,95,장미의 미소,우쿨렐레 피크닉
2968,96,선글라스 (Feat. 9999 of 1%),칸토
2969,96,가려진 시간 사이로,윤상
2970,96,Say Yes (Part1),라종민
2971,96,희망사항,변진섭
2972,96,그녀를 만나는 곳 100M 전,이상우
2973,96,벚꽃 엔딩,버스커 버스커
2974,96,인디안인형처럼,Nami (나미)
2975,96,사랑은 늘 도망가,임영웅
2976,96,사랑하는 마음,김세환
2977,96,사랑하는 이에게,"정태춘, 박은옥"
2978,96,꽃밭에서,정훈희
2979,96,라라라,이수영
2980,96,비와 당신 (박중훈 Ver.),방준석
2981,96,나는 너를,정차식
2982,96,봄날은 간다,김윤아
2983,96,선글라스 (Feat. 9999 of 1%),칸토
2984,96,내사랑 울보,전영록
2985,96,내마음의 보석상자,해바라기
2986,96,달의 몰락,김현철
2987,96,어떤이의 꿈,봄여름가을겨울
2988,96,가장무도회,김완선
2989,96,바람 바람 바람,김범룡
2990,96,립스틱 짙게 바르고,임주리
2991,96,암연,고한우
2992,96,멀어져 간 사람아,박상민
2993,96,비오는 날 수채화,"김현식, 강인원, 권인하"
2994,96,미소 속에 비친 그대,신승훈
2995,96,이별여행,원미연
2996,96,하루만,적우
2997,96,나의 옛날이야기,조덕배
2998,96,사랑해요,Simply Sunday
2999,97,선글라스 (Feat. 9999 of 1%),칸토
3000,97,낭만에 대하여,최백호
3001,97,서울의 달,김건모
3002,97,Happy Birthday To You,권진원
3003,97,분홍립스틱,송윤아
3004,97,그녀는 예뻤다,박진영
3005,97,사랑해요,Simply Sunday
3006,97,사랑과 영혼 (Feat. 김태영),클론
3007,97,나를 지켜줘,최선원
3008,97,당신만이,이치현과 벗님들
3009,97,일과 이분의 일,투투
3010,97,3!4!,룰라
3011,97,너를 품에 안으면,컬트
3012,97,첫사랑,나비효과
3013,97,봄날은 간다,김윤아
3014,97,사랑은 봄비처럼...이별은 겨울비처럼...,임현정
3015,97,선글라스 (Feat. 9999 of 1%),칸토
3016,97,Je T'aime,해이
3017,97,그대 내게 행복을 주는 사람,김현철
3018,97,사랑해도 될까요?,유리상자
3019,97,쓸쓸한 연가,사람과 나무
3020,97,이밤을 다시 한 번,조하문
3021,97,"Bravo, My Life!",봄여름가을겨울
3022,97,언제나,허각
3023,97,기억이란 사랑보다,이문세
3024,97,녹턴 (Nocturn),이은미
3025,97,사랑을 위하여,정은지
3026,97,서른 즈음에,김광석
3027,97,혜화동 (혹은 쌍문동),박보람
3028,97,어느 새,장필순
3029,97,다시,이상순
3030,98,입영열차안에서,김민우
3031,98,로라,변진섭
3032,98,잊지 말아요,최성수
3033,98,유리창엔 비,햇빛촌
3034,98,추억속의 재회,조용필
3035,98,슬픈 표정 하지 말아요,신해철
3036,98,보고싶은 얼굴,민해경
3037,98,기분 좋은 날,김완선
3038,98,바람아 멈추어다오,이지연
3039,98,내 아픔 아시는 당신께,조하문
3040,98,안녕이라고 말하지마,이승철
3041,98,안녕 내사랑,박남정
3042,98,(MR 반주곡) 하얀바람 (소방차),Various Artists
3043,98,영,이선희
3044,98,아름다워라 그대,김종찬
3045,98,모두가 사랑이예요,해바라기
3046,98,선글라스 (Feat. 9999 of 1%),칸토
3047,98,지난날,유재하
3048,98,미소를 띄우며 나를 보낸 그 모습처럼,이은하
3049,98,세월이 가면,최호섭
3050,98,동행,최성수
3051,98,그대 그리고 나,소리새
3052,98,홀로된 사랑,여운
3053,98,짚시여인,이치현과 벗님들
3054,98,골목길 (응답하라 1988 삽입곡),신촌 블루스
3055,98,날 울리지마,신승훈
3056,98,담다디,이상은 (=Lee-tzsche)
3057,98,노노노노노,하수빈
3058,98,그대와 함께 (With You),"손지창, 김민종"
3059,98,사랑이라 부를 수 있을까,인공위성
3060,98,칵테일 사랑,마로니에
3061,98,자유시대,모자이크
3062,98,그냥 걸었어,임종환
3063,99,선글라스 (Feat. 9999 of 1%),칸토
3064,99,그대안의 블루,"김현철, 이소라"
3065,99,어떤 그리움,이은미
3066,99,멀어져 간 사람아,박상민
3067,99,마지막 약속,김정민
3068,99,오늘같은 밤이면,박정운
3069,99,Lonely Night,부활
3070,99,나와 같다면,김장훈
3071,99,너를 향한 마음,이승환
3072,99,슬픈 그림같은 사랑,이상우
3073,99,가려진 시간 사이로,윤상
3074,99,마지막 축제,서태지와 아이들
3075,99,날 떠나지마,박진영
3076,99,나만의 친구,솔리드
3077,99,UFO,패닉
3078,99,선글라스 (Feat. 9999 of 1%),칸토
3079,99,환생,윤종신
3080,99,엉뚱한 상상 (White X-Mas를 기다리며),지누
3081,99,네모의 꿈,화이트
3082,99,만남,코요태
3083,99,3!4!,룰라
3084,99,단발머리,015B
3085,99,바다,유피
3086,99,이별 공식,R.ef
3087,99,슬퍼지려 하기 전에,쿨 (COOL)
3088,99,Time,태사자
3089,99,Blue Rain,핑클 (Fin.K.L)
3090,99,"Oh, My Love",S.E.S.
3091,99,커플,젝스키스
3092,99,행복,H.O.T.
3093,99,Happy Hour-꺼벙이의 일기,더 클래식
